content,sentiment
 is it okay if 17 yo girl me have a crush on 27 yo man this feeling juts comes right away and i can t control it if that s not ok what should i do salty in aja gapapa kalo emang nyeleneh,N
 panas banget,N
 maaf ngeluhhhh relationship kesini komunikasi jelek banget usaha reach up ngalah asa i really love him i don t want him go but  susah banget aja cont https tco c0llhbettj,N
 aja bales pagi spamming semalem gitu dibales pagi telfonpun gamau angkat balesnya dm ig last seen ignya 7 menit salah ya kaya marah gitu  nangissss,N
 rekomendasiin film netflixx manis ga too much kaya donggg makasii https tco zj6wiwssb7,O
 eh udah baca plis takut bangettt fakkk arghhh ibuknya jugaaa ya allah https tco kmxvbqkgxb,O
 mending beli buku rak buku beli rak buku buku nya dikit,C
  ayo drop lagu vibes kena sinar matahari hangat gitu,O
 hai liat jadwal event anime gitu darimana ya cantumin akun ya huhu thanks in advance,O
 bener nih kalo ngechat p doang nyepam ga bales https tco jslxcic8jy,A
 ajak split bill gamau pas tagih wkwkwk maaf balesan kasar https tco fmv6gpyb0w,N
biar nang gimana help udh nang air mata tahan ga saranin lagu indo bener2 bikin nangisss ,O
km pikir dgn km hasut org benci sm kren khh kidss ,N
 kalo sender gimana thank u - titip https tco nc0wdhj2fr,O
 unlabeled and rant let s be moots,N
 goals november,O
 cocok tonton dua pacar atau saran movie romance manis ga too much lucu gituu makasiii https tco ltnfomz1pv,C
 zootopia guyss https tco arbdiuxrwm,O
 how to say ga hilang without say that,N
 akt 24 apakabarrrr udah siap hadap utbk kalo iya ajar tps aja tka bingung bgt bijak yg ,O
 choose your fighter https tco lwx44xqnmo,O
 guyss asdfghjkl wa an kali nya crush omggg eidgeihdiehdie neng bgttt tolonginnnn bego yh gapapa neng bgt plis ngobrol  https tco cxyw3ucfnj,O
guys kalo spotify game gitu ya kayak receiptify dll kalo apple music ngga ya ,O
 guys rumah pake ac tolong saranin ac awet sender rencana pengin beli ac tia,O
 kasih tau film n must watch,O
saran kado ultah ayah benda makan manis2 tia ,C
 help paham ga https tco ge8ca7e1m4,O
  kudu gimana tolong saran ken move on tp susah https tco wlblr95x71,O
 saran film,O
 kucing kalo ndusel ndusel kaki tangan ya geli-an org nya,O
 ultah beli kue  kado yay nay,O
 saranin nama kelas 11 ips 1 fwends ,O
 rant acc mutualan yuu pindah akunn ,O
 orang bumi jahat ya,N
 ges namain kontak crush or bi ef nich,O
 guys tarik tunai atm bri pakai debit mandiri nak ribu,O
 halo cewe ken cari temen cewe jugaaa rumah daerah tangerang kalo rep yaaa,O
 tau lord huron ga,O
 maaf kl oot tp nyari yg nama diandra sm safitri  yg ntn konser txt ice section blue sm pink kl gasalah foto bareng shuttle st cisauk ice nya tgl 12 jam set 11an  foto  yg alat deteksi suhu gt  mnt cont,O
foto tp lupa ga mutwualan minta kontak kl ad yg tau nnti ku dm yah makas banyak,O
 wkwk ril cry https tco wxryaipvqs,N
 ken ngumpulin fans nya yungblud say hi dongg ,E
 gue gada pacar asa banget buset https tco abtxzo6dsj,N
 halooo bantu like lomba foto kreatif kelas ku ga nilai dasar like nih dm linknya ,O
 saranin earphone bluetooth yg bagus awet makasih ya ,O
 no salty ya gais lofyu ol  https tco sm8txb5fig,O
 ak ngantuk tp tugas besok jam gin enak tidur nugas nugas tidur ya ,N
 yg  charger type c hp oppo sopi bisikin  nya,O
hmccchhh gmn yhhhhhh  https tco usopyww7zf,N
 ngertiii ngerti dongg ga ngertiii https tco 2hut5e73rp,N
 sp yg pusink mikirin konsep confess doang yh sy kayak terima sj hufft ,N
 kpop coba sebut realistis idol kalian sender duluan  https tco d4v0s6qkme,O
 cw  18 21 alkohol mau kalo beli alkohol cafe supermarket sm g0f00d tuh beneran dimintain ktp btw sender dah ktp sm ortu dibolehin minum jg,O
 playlist cocok kasih mas crush lt,O
 saran menu makan malam,O
 happy international ex day mantan,O
 cita cita profesi kalo ken rumah gede orang orang gapunya rumah dalem ruang khusus stray cats ,O
 trauma gue rame gak pake tas sletingnya dompet gue ilanggggggg plis kalo warga jakarta liat dompet item jatoh isi kartu ajar kartu pustaka kartu golong darah jaman sd foto gue amp foto jaehyun ukur 3x4 hubungin gue cont,N
plizzz reply twit,O
 malam tolong like lomba gambar dongg kabarin terima kasi  https tco hn0iamgasn,O
 jeda step an skincare tuh ya,O
 ges no salty ya kalo keliling ui tuh jalan kaki  sender penasaran,O
bantu pilihin dong mending ngecat kamar pasang wallpaper segi budget keriwehan thank u,C
 bang sen bubur ayam gak pake bubur ya ,O
 tanggap gimana umur 22thn mama titip https tco wv0bwtwo1c,O
 saran topik call an crush donggg,O
 nanya kalo ngetweet rant nyambat gitu suka mutual reply dibales ga trus kalo ngereply bales jujur kaya gapapa bingung ga harap sambat reply moots ga enak kalo ga dibales,C
kucing kalo tidur ndusel ndusel kaya ngendus ngendus sih normal kah ,O
foto aesthetic wallpaper ga bingung pake wallpaper  makasih ya ,O
  halo butuh responden kuesioner tesis kriteria mahasiswa ikut demo aksi turun jalan min 1x sedia rep like ya dm reward untung d,O
 wkakakak adek gue nnti sma mw sekolah mana mana aja lapang luas,N
 ya telor ayam tp ga kaya ayam ,O
 what s your dream job,O
 ayooo mutualan ig lupa fb yaaa,O
 rant amp unlabeled acc temenan yuk,O
 helppppp blitz kamera hp sender gak nyala aaaaaaaaaaaa kalo senter mah nyala udah coba hapus data kamera tp ttep gabisa  gimana yah ni samsung a32 btw https tco 8agt9ltdaq,O
 kau patah hati jiwa haluuu ku,N
 mutualan ig yuk gais bikin akun drop linknya yaa-,O
 halo tolong bantu like komen video tugas diyoutube terimakasih dm hehe,O
awokwokwokwokwok stress  https tco li1gcnjskz,N
 tau ngga ya font makasihh https tco hyzqdzyrhb,O
 cw  18 guys tolong baca maaf salty ya yg paham mohon jelas https tco 5jw8evivug,O
 akun dump account ig mari rapat yuk mutualan tp follback yh https tco s3rzldwrro,O
nungguin temen gua pinggir jalan abang ojol renti gua trs ngasih duit 2rebu bego gua terima mlongo ga ngerti yaaallah random banget  https tco p3zbqcil5z,N
 how was your day guys did you go outside today if yes were the skies looked pretty too bad mine was just grey and dark because of the rain  but what about tomorrow maybe the rain will eventually stop and the skies can be back to their beautiful color i can t cont,N
wait to see them and i think you should too i want you- i need you to be alive to see how pretty they are love ,N
 titip kenapa ya bapak2 tuh kl ngomel aura bener2 takut bkin mewek sbenernya beliau ga marah beneran tp kl ngomel kyk jg kita aja no hard feelings gitu ortu gin gaksi,O
gak garam ya nanya liat yt pl prem 59rb an luar 20rb an bawah gitu yaa aman ga yaa tia ,C
 udh expired dipake ya btw udh remove all payment https tco osvqfpuil1,O
 bersihin noda buku kaya gin gimana ya  https tco dobd4acz0a,O
saranin lagu playlist  https tco hwqgnpehvg,O
 notice me kakak kakakk  https tco tsv3zqmyte,O
 bantuin temen sender dongg makasii https tco o1yhbetjbl,O
 revi3w nya maju mundur pake st combi acne prone https tco b2atbbqqgj,O
 ga sih temen yg kayak gin  https tco o31pfxw0jh,O
 mummy dont know daddys getting hot at the body shop,N
 gais ditawain sekpel proker kelas desain ambil ga ya tugas ngapain aja ya,O
 ya the one n only for u,N
 november be nice plz plz plz,E
 ak ngntuk  trs puter playlist  playlist dangdut jd ga ngntuk joget joget ku hamil duluan 3 bulan jam jam jam tiga boom shake shake shake boom tolonk ak playlist tidur klen,O
 kadang cape malam aja bahan ovt klo besok berat  kadang gemeter sampe mual saking panik takut ngebayangin esok,N
 kak saka  barangkali skripsi berat ko bantuin bolak tukang fotocopy,O
rekomen ye0njun au donggg trims cinta ,O
 hai saran ngajak putus ga sender minder cowo sender orang btw putus si cowo suka ngomong pantes orang lemah cacat kayak ditinggalin help,O
 gais spill baju rapi yg pake interview gw bingung pake kalo suruh pakai rapi aja  kali interview kerjaa,O
 gais kasih saran ga kena sakit ims trus periksa biaya nya lumayan mahal bingung gimana ngasih tau orang tua ku takut ditanyain,O
 people who use to listen songs on yt are cool af,O
selamat malam  https tco r2qdjaq9pt,E
convomfs open follback 1 retweet tweet ini 2 retweet tweet bawah 3 reply done ce jangan spam ya good luck  https tco vldwrhdwtk,O
ikut,O
udah difb dim allahu testinya https tco qxn6janqtk,O
convomfs open follback 1 retweet tweet ini 2 follow https tco 6aenot5v9j 3 reply done ce jangan spam ya good luck ,O
berani kasih testi angkat tangan ,O
 pas pup darah tu yaa,O
 knp yh orang klo foto merem gt hasilny baguss gue coba foto merem kek orang tidur anjrt ,N
 twit udah ga share igs ya,O
 waw ldks senang y abis ldks omelin abis abis tni  osis sekolah iya sih nama jg ldks plg plg paha kayak abis injek injek diri susah duduk sakit masya allah pake obat ya biar cepet cont,N
sembuh sakit banget huhu ,N
 kalo baca au kerja kaya nya gw udah miliuner,N
 guyss kalo iph 13 128gb main genshiin kiat gak yaa,O
 nutupin mata panda pake skincare make up produk yaa,O
 goyang dumang biar hilang,O
cm  centimeter m  meter km  punya dm  plis ,O
 yg main kart rider temenan ga,O
 tips diet ala gimana,O
 guys sender kena scam convert pulsa 105k spay jujur ken bgt kasar ngeikhlasin aja https tco mcopvd2c9g,N
 besok pake totbag ransel ya ,O
 guys tolong sender motivasi sales ketemu org ga takut itu gabisa kasih kata2 skip aja yaa butuh motivasi bangett makasii sebelumya,N
 tugas kpn renti sihh capek bangetttt,N
 haloo tau film horror yg hantu suku indian topeng kuda latar hutan senjata kalo ga salah kapak endingnya bom mc,O
 lets be friends akuu unlabeled,N
 maaf guys numpang curhat  https tco 9zjnfmdjxu,O
 sender udh qrt liink tokoonya yaa komen toko emng gk rame klo liat liat tp amanah ayok ramein toko  https tco pocjzwcajw,N
 sender bimbang update miui 13 engga coba yg udh update kasi tau  - nya aja tia,N
  gw motivasi skripsi lagiii tau gak motivasi nabung duit nikah gw blm calon yg nabung estimasi 2-3th kumpul sesuai target bismillah doa yaa biar selese skripsi cepet dpt kerja,N
 temen kerja bestie nya kenal bom 4 bulan kalo sender gapapaa garemin aja  https tco hveg1qvdgi,N
 ayo sebutin lagu galau day6,O
 celana warna kayak gin cocok pake baju warna aja ya https tco 1zvpdlrhli,O
 nomor wa kasih tau sakit abis ngechat pake emoji pap 3 ilfeel gaksi ngechat ngajak main 2x maksa gitu https tco w9eiyi3rqm https tco gftzdqczxh,O
 maaf numpang curhat kesini karna gatau cerita makasih semua https tco cugyk8lxcq,O
help guys saran bingung bgt   https tco d7flocbngj,O
 titip ges https tco mnxwuroj0b,O
 ken kabur aja rumah hehe capek,N
 cw  payudara boobs titip https tco 6ty86kv1vq,O
 kalo kasir gimana https tco d5fqav3e1f,O
 besok jogja krl yay nay sender sih krl burnout banget hilaaaaaang https tco x6odtqk4is,O
 nggak my dream job if money didn t matter klau ad spill klau sender ken pastry shop mslnya bnrn maybe roti nya dimakanin mulu sender wkwkw,N
 lu minum obat nge-charge hp sih hari 3x,O
yg tau gak nama fontnya  https tco zjcsm44un6,O
 panitia buku tahun taun gandeng vendor inisial a jogja vendor lumayan kenal vendor gin tu tuntut kompensasi ngga si temen2 ken nagih takut buku asal2an vendor oiya trus tambah fotografer kalo cont https tco mhicmuqjws,O
 ga segaja ketemu 52 yg  https tco l6n94hxbzt,N
ngefoto suka miring2 wkwk,N
 mutualan study college acc ig yokk drop link nya ya,O
 niat delete for everyone pencet delete for me ,N
lucky you all have a good father and really cares with his children i never felt it in 20 years of living in this world  https tco 37tseux26v,N
 yg gabut yuk main pertinyi-inyiii sebut  https tco boot1n2qkg,O
 how to being alone without feeling lonely,O
that was kinda hard in the end that was kinda hard at the end ,O
 cw  ganggu mental keluarga gais maaf ya tumpahin drama keluarga krn bantu ya yg keluarga yg rupa makasih https tco vdbp7thqft https tco mla2v6vxet,N
gilakkkk gue muda udah jompo banget gin encok ,N
 random acc ayo mutualannn,O
 mending beli chicken wrap apple pie md,O
 eating spongebob s house  https tco ttyocum1n8,N
 halo sedia isi padlet ulang reply aja dm,O
 beli yg pilih https tco 9bxqs9yvqo,O
anjir banget bensin ngapa cepet banget abis yah ajig  https tco 1x6nt6mwm8,N
 wdyt temen yg pas ketemu main hp,N
ga yaa olshop jual album kpop bungkus dipacking hadiah ultah gituu kalo spill btw tia ,O
kabar visnmokes ,O
halooooo bantu isi padlet ulang teman ku linknya dm terimakasiii   ,O
what are you guys gonna do  https tco 3in4xeiouv,O
 guys pap muka asli gak kalo chat anonymous telegram kalo cewek yah,O
 guys tolong like and komeng reelsku egk yh nnti klo mo barter like tugas ato lomba bleh darling  nnti ak dm yyh,O
 salah ga gua kangen doi pdhl yg ngeblok duluan trs ultah gua ken bgt ngucapin,N
 drop any song that relates to this month https tco 4ovzyaedmj,O
 eh kemaren berita festival batal sender tinggal  https tco evo3igngej,O
 saran quotes  motivasi alas tahan serah idol artis film anime tia https tco 7ug6fxtnvs,O
 abis rumah pacar trs sakit tetep nganterin pulang  yaallah ngerasa dosa dianterin pulang yg sakit pdhl pake gojek ngga tp gaboleh,N
 nangisszzz  pake lem tembak nyatu gakk yaaa  https tco ivmexrr46t,N
 ko orang gemes kamuu,N
line ku garing bgt biar rame gimana ya ,N
 udah doi jenjang serius udah kenalin orangtua galeri amp sosmed foto mantan doi akun bucin mantan sampe aktifaku ga sengaja nemu twitter cont,N
ngereply mf base kadang ngerasa kalo cuman dijadiin ganti mantan kadang bahas mantan pas bareng gimana sakit banget kalo jujur ti ti pan,N
 guyz jd ak jumat kemaren adopt kucing umur 3 tp malem tuh ngeong mulu ya ga kandang,O
 drop your now playing,O
 saran nama kucing lahir dong putih trus satu belang abu item makasii,O
 ku hadap ngeluh twitter,N
 saran film netflix yg dijadiin tema bts,O
 hey ya lupa doa utk malem ya gak marah saudara  aja luahin yg dalem hati inget setia tunggu peduli sayang banget ama god bless you,E
 kakak2 submit jurnal tp lupa add author gmna gabisa cancel udh lanjur kirim,O
 tau jendral nathan fiksi megang akun twitter nya deh author nya kah emg org yg megang kayak rajin bgt ya how s your day ga bosennya,O
 rant unlabeled small acc mutualan yukk temenan prefer suka jbjb komen pake meme trbaikmu yeah love,E
 niacinnya 10 mending the 0rdinary sk1ntific,O
 wdyt guys gas aja mundur  https tco dgihheinox,O
 rest in peace lee jih https tco uw5k1s45sd,O
random question yg phobia senin ga ya ,O
 guys langit rumah yg belah merah belah item ga,O
 guys tau sound tikt0k bahasa jawa tuh tau makasiiih https tco ywjvsxzzdw,O
 mutualan ig yok guyssss,O
 saran eyeshadow palette sedia gu rd1an amp s0cioiia,O
 saran https tco e4irpe01yl,O
 kasih tips biar cepet tidur tidur malem trs,O
 gue kangen day6 ot5,N
nemu postingan majalah hp jadul 2003 ig alias sender lahir yaampun lucu kalo liat model hp jaman  https tco snwi0niec2,N
 yg tf spay bank kalo jam gin emang ya proses ty,O
 ultah 19 lagu yg cocok igs thanks in advance,O
 guys mending co skinker skg karna payday tunggu 1111 ya diskon bnyk guys ,C
 muka gue asa kadang cakep kadang ngga konsisten ga sihh cakep gituu ,N
 gilaaaa gue kontak sampe akkkun rp mantan rp gue 2016,N
 guys saran ngucapin ulang bestie yg anti mainstream donggg pls ak udh buntu bgt  https tco c5jpwuhf5r,O
 mak nya mail amp ijat gak sih,O
 cape bgt hidup ken istirahat bentarrr aja ga si,N
anak 90an nanya emang hp jaman kalo udah layar warna harga mahal banget ya sampe bikin artikel   https tco h2fowcniuz,O
 saranin lagu kaya gin gais  https tco fuzxmgw7q4,O
 how you guys deal with loneliness,O
anjr ni orang habis pandemi cakep2 gue mana ngeliat orang glow up but me  ,N
 besok temen ulang isi secreto nya ga yaa dm linknya ,O
 kuis sempat 3 kali kira2 ambil nilai bagi yaa sender mo ngulang gatau salah mana takut ulang nambah kecil,C
 ciwi muka pake masker kaya gin ga klo iya spill l1nk nya https tco sd3hagdyim,O
 titip kalo payment pake qris shopeepay tuh username akun shopee liat gak,O
 sp yg lgi pilek cungg ,A
 besok temen ulang isi secreto nya ga yaa ,O
 masukin qris website foto ajaa ubung bc4 nya tolong jelasin paham terimakasih yaa,O
 guys i cut my hair without any reason  please tell me bagus engga besok pacar main rumah  https tco bo5pko1sgw,O
 tele fitur larang ss record kirim media gaa yg personal to personal yaa bkn channel kalo yg tau dm,O
suka wing nanya sender wing ngga bagus jawlinenya nyoba cenat cenut ya mulut atas tia ,O
 i m so close to giving up,N
 ngobrol didm 3 anak berisik  ,O
komunitas ketawa ga twt join  ,O
 mix and match outfit biar ngak liat gemuk gimana ya thread nya btw bb sender 60,O
 guys bingung banget sumpah temenku curhat pacar pacar udah aneh toxic temenku gamau putusin alas sayang udah kenal keluarga udah hopeless banget gimana nasehatinnya cont,N
takut salah ngomong plis plis plis saran ga,O
 hi today is my birthday,E
 guys biar ga minder mantan pacar gimana ya gue suka bgt insecure kalo liat mantan,O
 mtix udah pake gop4y ya bayar nya prasale black panther mending tix id mtix ya thank youu lt 3,O
 ibukku td bikin pisang bakar pas coba kyk clekit pedesnya gt msh kyknya org rumah gadoyan sayang bgt kalo buang tp gatega kl besok bangun tp pisang msh org rumah suka nyemil semuaaa bingung hrs cont,N
diapain ,N
 yg km pikir kali pas denger semarang,O
  10 buah qrt wujud 1 menit ovt,O
 baper sm keti kata sender dpn cermin,N
 tolong gmn ratainnya yaaa trs knp ga sejajar gt yaa sender lg lapor pkl thank u https tco co23uerzsz,O
 cw  food menu favorit https tco rlkj3cmj7l,O
 dear c thanks for always be there for me,N
 orang sembuh luka orang damai trauma,N
 halo ges tolong reply kucing umur 2 dimandiin ga sih ni badan kena tainya ,O
doain yaa lupain udh cape bgt harap yg ga noleh samsek haha suka diam diam tu cape bgt yaa nyerah ,N
 ngecrushin org krnh formalitas nggk ap ap takut tmn sender mikirnya sender cmn suka cwo fiksi ama cwo kpop doang pdhl mah iyaa t i t i p a n,C
 lumpia basah pake ketiwaw trs minum thai tea gocengan https tco y9flwdyni6,N
 alih korean skincare mending nyoba set cosrx axis-y thank u https tco qr8u7aa1vx,C
 main qrt random yuk,O
 yg balas reply pakai ujung -ns mksdnya ya,O
 gue minggu,N
 ya ketemu mas crush tuh perut mules langsung keringet dingin kalo disamperin,N
 qrt yukk bebas context,O
 hey semangat nya 2 mas pacar tunang udah 7 pacar tau selingkuh nge-seks mantan nya 5 bulan sakit hati banget malu gemeter engga percaya,O
 saranin anime genre kaya jjk naruto demon slayer,O
ngapain ,O
 sender ngecrushin orang kalo dua bawannya canggung bgt gw tremor parah natap mata aja gaberani huhu,N
 swnder dikenalin ortunya pcar sendeeerr pliss do s amp don t nya enggaakk yaa,N
kalo sedih jam gin ken mandi keramas kpla seger  ,N
 inspirasi outfit ga sih kalo coba reply influencer selebgram hijab yg ngespill outfit gitu,O
 kalo cowo yg carenya cuman pas ketemu kampusl pas lg nongkrong tp telah ga ngechat tu knpa yh,O
hi i m still awake and need a little advice here does anyone want to help me hehe lupa check dm request ya ,O
knph sy ngecrushin cowo rl kembali sy yg ngecrushin cowo kpop ,N
 coba tag crush mu keren,O
 sumpah ya benci banget sifat cemburu sahabat tiba2 deket orang,N
 let s forget and forgive from the pain you ve got from this month,O
bm mie ayam  ,O
 ayo tidur kak,O
 ngecrushin mantan gin ya ha ha ha,N
saranin film series per utama tu pinter ,O
 how much i want to meet u https tco qseruwrtoj,N
mam mie yuk ,O
 guys coba sebutin merk make up skincare udah bpom tpi ramah kantong ajar,O
 sblm oktober tinggal pesan utk nama,N
 lagu enak bngt dah suara adem bener  bikin mleyott https tco 81jnw5kkrq,N
 plonga-plongo tau udah pagi,N
 gak papa jarak hati,N
asa udah dibales pas cek wa kebales  https tco 6hk0u9gc3o,N
 dah bangun bobo puasa senin,O
 knpsi temen gw cowo kalo ketemu mesti basa basi nanyain cowo gw mana pdhl cowo gw ga temenan ama yg tipikal tuh mksdnya nungguin putus trs ken pdkt emng dar basabasi siii,N
 tw  18 nsfw sexual assault titip https tco mt0jyo0ooh,O
 gais cowok upload ginian wajar ya i mean gausah https tco aiyieuinv3,O
 guys kasih saran ngga prefer sepatu pvn sovella terima kasih yaa,O
bangun tidur gin ngerasa glowing malemnya skinkeran mantep euy ,N
 yg tau apk baca pesan wa yg udh hapus ga gitu baca udh liat google ga work thankies yoo,O
 pagi pap suhu sender https tco 9z25y2nd15,E
 gais rekomen lip serum bagus cerahin dung,O
 charger dipake bareng rusak ga sih rumah hp pake chargeran blg ga sangka pelit ntar serba salah,C
 kasih dapat yaa akhir2 komunikasi ga baik2 aja cwo sempet antem kemarin baik langsung omongin yg nunggu emosi belah reda yaa,O
unmotivated banget ,N
 mending nginep rumah temen tidur rumah,O
 takut ken bab sekolah ,N
 promo mcidi laku ga https tco z3mdswkuco,O
 please recommend sender buku putus asa makasii,O
 tim yg kalo tidur hp mati cuman pake mode pesawat,O
 today is my sweet 17,O
 makasih udah  https tco ofokv3780z,O
 senin senin lagiii back to reality ,N
lucu banget tampil t l gram ala halloween  https tco mpi4oldrc1,N
 cerita semalem emg badmood temen ngeh bgt badmood pgn ketemu ya allah kangen bgt ldr  https tco 2yetlf95ns,N
 nmr yg udah daftar tuh ganti ga guys ngaruh kartu ateemnya ga https tco njnxdfuqmc,O
 ya hujan duit gitu anjir seret bgt dompet,N
wkwkw kemaein gue upload foto libur gue sakit izin ga masuk sekolah takut temen-temen nyautin guru kmrn asa libur ,N
 file drakor laptop hapusin recycle bin hapus permanen niat storage laptop sblm ak download drakornya ga pengaruh ya storage tetep stuck angka aja cont,C
gimana ya bener-bener hapus permanent storage,O
 males ga sih lo temen yg gamau kalah kecil,O
 males ga sih lo temen yg gamau kalah kecil,N
 morning everyone jago excel ga ya sender tolong thank youu -,E
 cw  luka merah merah guys tanyaa orang kena asam urat tuh kalo kambuh kaki sampe merah2 gosong gitu kah  bokap ku asam urat kambuh merah gitu kaki yg skrng tuh merah nya bener2 merah betis depan sampe cont,C
kayak gosong gitu udh 3 ga kunjung ilang merah2nya 1 2 udah ilang gapapa ya tahap wajar kan,C
 love you guys,E
 drop last pict on your gallery https tco s9bkudpa4s,O
 selamat pagi salam sejahtera ,E
 hai gimana everyone s crush pacar ku ngebayi bayiin kamu,N
 titip ya guys ya xixixi https tco s6misqswdn,O
 gais suhu badan 375 normal ngga,C
 sender ulang biologi doaiin lancar ,E
 morning after break-up nyeseknya yaa  happy monday hope you have a good one,N
pagi yu bantu sender titip  https tco elwokpeqtb,E
 mood  tawan hati - awdella,N
pagi giat nya apaa ajaa ,E
 sebutin 3 fun fact,O
awal senin pagi tugas ,E
 met pgie kawans,E
 saran lagu crush suka orang ,O
 selamat pagi anak anak,E
 recana ngapain,O
 crush gue lucu banget sumpahh wrwrjwhskhsdlsbgksbdjsnbsk jadi yuk https tco tjlktvyhy8,N
 i hate the idea of people come and go i want they to stay or don t ever come,N
 yg tau ga bedain pesan bot pesan asli ngl link tuh gmn,O
kalo capek piskis izin sekolah hari gapapa jujur gakuat bgt bangun tidur hawa ga semangat kaya ken nagis ,O
tipe orang gabisa denger ketypo an lafal gak kertas folio temen gw nyebutnya kertas portofolio ,O
 fllw second ig pacar ga,O
 guys netflix ngabisin paket gak ,O
lucuuuu linee  https tco 1sfkkxbprl,O
 bosen rs mulu,N
km suka cuaca yg cerah yg mendung ,O
 no sal ty kalo ga sekolah sma kursus gitu dapet ijazah sma ga ya jujur udh ga kuat sekolah,O
temen salah barang gak bem bim folio gar portofolio gar kadang bikin esmosi pas otak panas suruh mikir ,O
 pagi,E
guys alhamdulillah kmrn udah bs dibatalin makasih ya saran2nya   https tco 6welnqfdgk https tco nyqlg4klli,E
bumi bulat bumi datar bumi love  cinta  https tco uyhendl6rh,N
 cape tp gapapa tri anak bangsa ayo sdikit uap https tco q9g3rjhdsp,N
 capek banget habis kemah wajah gosong  ,N
 guys appmus ga sih link-link yg kyk spotify iceberg mytop10 statsforspo,O
met pagiii ,E
 yakinin sender gaiss https tco nxrmr34b19,O
seru bgt join gk ya cr base belah https tco anqgciq2nq,O
 chatan lawan jenis pas pacar udah selingkuh,O
 mutual si yg gak ekspos rls gitu kyk nyindir pacar gaperlu ekspos ss chat kek dll kek kalo prinsip ya gaperlu jatohin orang gitu gasih wdyt pacar ekspos amp tdk ekspos,N
 udah ngopi bom,O
kucing tetangga masuk rumah ngumpet bawah mesin cuci  gimana ya mancingnya biar blm nyari takut nyuri   https tco ec5uowtm2f,O
 bantu ayah sender pikir https tco 8f4iv7db6c,O
 biar mata gak kuning amp putih bersih bening gitu gmn ya,O
 your today tmi,E
pick your team emak emak hobi invest emas vs anak muda hobi ngonser   https tco 62auljb9uu,N
 guys tolong editin lucu lucu gituuu post sg heheheh makasih yaaa  https tco ntr6kepdhg,O
 titip cw  tiktok masih pagi ya allah  https tco qutnncv5ih,N
 cape ngemis perhati mulu ayo suruh sender mundur,N
 akun twt mu mutualan temen rl,O
 perna fase enek ngeliat temen ga sender enek bgtt karna suka cafferr,O
 saran ya guys https tco 1sx7fc7824,O
 sakit batuk ama panas bleh mkan mngga ga si,O
 ajar dasar teori zaman purba  https tco lykjnsrexn,N
 simpen kontak udah 4 dinamain kayak gitu sampe gatau nama asli  https tco aju4t0xmdb,N
klo info webinar free yg gtu share tambah wawas ea tia ,O
 selamat pagi adik adik https tco 0auewrsxpj,E
 guys pns terimagaji tgl sih tgl 1 kah,O
 heran dah orang buat kena suudzon itu bukti ga valid dasar asumsi,N
 biar bh iphone ga cepet turun gimana guys and wajar bh turun kurun brp,O
 fyi 61 udah 2023,E
 gais enak pake ipad laptop kalo kuliah sender bingung bgt,O
 guys saran bordir bagus yg https tco 9uwbson8u3,O
 gimana ottoke     https tco 9ahcedideg,N
 guys temen cowo gue ultah ngasih kado ya kalo mahal mahal thankss,O
 guys maaf klo oot nanya kalo beli product nya 1mplora tuh offline nya dmn aja ya d4andan gada  makasih,O
 mimpi gw abis tidur subuh random banget gitu ga,N
 puasa bersihin gigi pake lidah bikin batal gak gak sadar bersihin mikir batal nda gitu,C
 spill ootd yg keren pantai kl badan isi yaa sender plus size eheee tysm,O
 guys nanya kalo pake pln pascabayar pakai september lunasin bayar oktober erti bener gak,C
saran makasih  https tco bzj2ehk0g4,O
 please no salty yah beneran pusing thx https tco cidnd4sz8n,O
cw  kulit muka  kulit wajah  kulit terlupas  kelupas aku rutin pake skinker nyoba sih pemakain minggu kulit muka ku jd kelupas gin wajar ga si ga gatel efek sih ya krn cocok  makasih https tco myazel1vo1,C
 sender cwek td malem prtama kali cobain vape pke vape temen trs sender jd pngen coba lg takut candu,N
 user appmus drop your replay music apple artist https tco v7qjaulfw8,O
 guyss wta donggg thanks yg https tco toe2sigfxs,O
 sih pacar mantan stalking mantan doi udah pacar aja ganggu enak kalo stalking sampe ig linkedin whatsapp facebook twitter sosmed pacar ku sampe cari tau teror ga ngedeketin pacar cont,N
gak ganggu hubung orang prinsip kalo orang dekat hubung pasang ya jaga jarak harga pasang teman mantan sahabat sd cont,N
udah usia 26 bilang pacar mantan stop stalking si cewe stalking jujur kasihan mantan pacar kali kumpul tongkrong adu circle pacar cont,N
maaf,N
 ga ngantuk kelas gimana,O
 yg b3li barang sociolla trs pick up store nya ga nnti gmn yh ambil langsung bilang jaga kahh,O
 negur tetangga yg hobi karokean sampe subuh gimana ya pusing bgt jujur tegur baik2 ngomong warga asli tuh datang gausah sewot tau warga hak nyaman,O
 cowoku bener-bener  mentang libur https tco qkgy2f4yov,N
mapel yg hrus dipelajarin minimal anak2 umur sd contohny kek inggris mate dll ,O
 pagi ovthnkg sampe sakit perutt,N
 ga si ortu bilang gin mah gausah mikirin uang ajar aja yg bener biar uang urus mama ayah tp gilir uang bilang boros banget perlu alat kuliah tp ujung tetep kasih sih cont,N
diocehin gitu dulu bingung ngerasa gimana,N
 sayang,E
 dapat ges titip https tco l1fcvsb18j,O
 guys yg tau nggak film korea cerita 1 keluarga ayah amp anak perempuan dapet undi jalan hawaii tp pesawat bajak gara-gara mata yg curiga si istri btw mrk 1 pesawat aktris plis bantuin guys cont,O
yg tau makasih,E
 jarak rumah kampus 8 jam tinggal rumah sepupu laku bantu makan gaboleh bareng ga berani ngadu takut ortu sedih tau anak bidik misi anak pulung jujur sakit cont,N
hati laku buruk ,N
gaiss sharee doa2 apa beneran hasil  https tco 0c5a7stpra,O
 tw  mentioning sexual harassment  leceh seksual seriously asking cewek rumah pake kaos lengan pendek celana paha  boxer  celana pendek  hotpants gak salah wajar pas pake pakai kayak gitu cont,C
leceh salah pakai teras rumah ganti pakai yg tutup,C
 survey bayar yg masuk paypal aja ya yg bener2 works udah coba tpi blm ,O
tau resto kue bolu pisang molen kota macem-macem jenis goujek ga daerah jaktim stok kalo ken nyemil nih gatau toko  ,O
 guys rekomendasiin laptop aman ga lot dipake smt 1 sampe lulus help sender please thanks,O
 yg maen game landlord sim gak nnya pls ak bingung bgt bangun belah ya bikin tp bingung lahan nyaa ga tanda https tco opix8k2btb,C
 saran baik https tco adzh9zn6du,O
 guys tolong bantu jwb ya https tco je0jkj3cmy,O
line clone in beda nomor line nya gabakal kenapa ya ,O
 guys jadwal giat diet - tia,O
 cht sender save crush titip https tco ckqmiiofl2,N
 glowing minyak hehe,N
gimana sih ga gregetan temen telmi parah ,O
 halo tolong bagus ya kiri kanan timaacii https tco mvd98jwigt,O
 cw  lgbtq apakah yg bi banyak end up nikah lawan jenis karna pilih yg masuk akal gak ngerepotin gak sih gitu kayak,N
 tau kalo sahabat gw suka crush gw sahabat gw gatau kalo gw ngecrushin orang gw tetep support hati hancur remah,N
 ngajak eh lu gamau ketemu gue ntar bulan ga ketemu temen cowo diam crush ga tara gimana ya  help takut banget kangen ntar beda negaraaa ,N
 gaji bank bank pergi,N
 info kos rekomended daerah tebet pria  campur range 1 - 13 jt bulan makasih ,O
guys jd blm kucing matiii trs nangis2 dpn mama akutrs ngatain tibang kucing doang nangislebay trs ngambek marah sm 2 gasuka dikatain kaya gitu trs gamau ngomong sm dia trs kmrn tbtb cont,N
kamar bawa kucing yg bgt kucing yg udh mati biar ga sedih lg aneh bgt gasih  ,N
 saran yearbook yg kocak pake bahasa inggris,O
 pro kontra kalo anak ngelakuin salah orang tua hukum henti uang saku nya,C
 yg tau info jual motor matic  second gak yg lengkap surat2nya kondisi layak dom bekas lg butuh bgt beli motor blm dana,O
 nonton ama temen mending yg ya guys thank you https tco wwgetlrwr4,O
 halooo tugas angket gform sosiologi butuh tanggap sedia bantu isi gaaa link nya reply,O
t i t i p a n ada yg tau nggk film https tco yhmolneosg,O
 produk shampo anti hair fall ampuh guys https tco qyu6mlwalv,O
 yg textnya ga https tco xjhxxcdvuq,O
 nomor w dijadiin nomor darurat temen sd p1njool kang pinjol nya wa  w trs sampe telfon posisi temen w yg pinjol ga hubung dr liat orang kaya ganggu bgt sumpaaah,N
 halo kasih saran bingung pilih kacamata les les ken banget  budget les udah kacamata nabung minus nambah udah ganti gimana ya ,O
 yg diet pake metode intermittent fasting puasa dri jam brp brp tambah olahraga ga,O
 umur 20 poni aneh ga si poni,O
 guyssss sorry nanya karna ga nemu jawab battery health ngurangin 2 dlm 7 bulan mas aman ga sih emg ngurangin 2 efek emg jd boros bgt sih batrenyaa,C
 gais gimana ngadepin orang suka cerita gilir cerita gamau dengerin,O
 guys yg pakek smsung a31 ga ya kamerany bagus ga sih,O
 ya allah neng anak rantau tbtb kangen masakan mang sm melayu udah cari cari gak nyesuain cita daerah tempatin tapi nemu resto jual identik masakan daerah cont,N
aku makan nang krn kangen enak bgt,N
 coty manis https tco kxhx4qk5r5,N
 gimana bikin alis yg mulus kalo ngalis liat bulu alis sekali ga liat ketebelan,O
 ngerasain ngga stay safe yaaa https tco uxhikax1ta,O
 dm tiktok klo read tau read ga tau tiktok fitur dm wkwkwk makasihh,O
 happy birthday clarissa clrsspwn wish you all the best,E
 yallah ken ngerasain menang giveaway aja,N
 cw  western  hollywood actor  manga when you ll see mads mikkelsen but make it manga version https tco tr5eek7ep0,N
 guys tanyaa jadi laptop microsoft store-nya hilang kalo diinstal ulang kang service ngga microsoft store-nya,C
saranin kado anak pondok ga cewek sender bingung kasih ide gemes-gemes makasih yaa ,O
 guys b3li barang t1kt0ksh0p track order apknya tuh stuck jakarta doang tgl 29 pas chat j n t nya paket bolak gin gimana ya butuh bgt barang https tco f78qwkrfoc,C
 gais sorry nge-ba wa pakai nomor wa-nya tuh nyatu rl,O
 saran libur malang pantai,O
 yg dimintain tolong like komen post instagram nggak yg bantu nnti dm ya makasih,O
 neng main the sims 4 nih pake mod nggak kalo pake enak install mod ya biar seru,O
 kayak minggu ngerasa berat uji selesai berat wkwkwkwkkw https tco mfquesbscv,N
titip an mini mal li ma ka ta  https tco h9cp94dixt,N
 spill paket kuota pakai harga https tco lm5olour6r,O
 neng banget tugas gue kelar 1 tugas lain,N
 for nickname purpose akasia or azura,O
 kalo sapa crush hai ganteng cantik jalan salting nggak,O
what s after like ,N
 yg percaya zodi k knp percaya zodi k pseudoscience ilmu semu yg teliti gk ilmiah zodi k cocok bgt sifat nama barnum effect btw https tco 55x3r0hlam,N
 sebab lo ngucilin mengenyampingkan orang,O
 tw  tipu  bank  udah kali nemu orang kena tipu wa orang yg mengatasnamakan bank bri sampe ga ya bank bri coba ngelaporin tindak tipu mengatasnamakan bank bikin percaya masyarakat cont https tco ahj2hy0t9g,N
turun  cmiiw,N
  gasuka masak males cuci perabot mending order food sayang ken deh dimasakin kamu aku bucinnya banget  oke tapi bangga bangun pagi pasar beli bahan cuci perabot pas sibuk sibuk https tco y7fuzvd8fj,N
 driver ojol suka bayar cash non cash,O
 jaga sehat guys sender rasa aura sakit musim ,E
 currently on my lowest point iseng buka bukain folder word laptop nemu  romantis ya wkwk https tco h7sntkaqfy,N
huaaa sender udh tua bngt bingung ngpain klian main jg ga  https tco 3rs8ss6hga,O
 sorry gais nanya detail amp activity gdrive tuh gabisa hapus ya gaenak bgt liat nama ngespam gitu sana itu liat orang gak si plis kalo malu bgt,C
 kosan bekas orang bund1r takuttt,N
 spill guys kalo yg tahan wangi gk strong https tco m6fpu7nfxh,O
 titip halo co-ass fkg dom jakarta selatan cari pasien pakai behel lepas gratis tahap awat gratis syarat gigi dewasa cabut sedia jumat rsgm moestopo bintaro cont https tco tn8knoj9sd,O
minat reply ya,O
 mind blowing  https tco cezwd2rni3,N
 ga kalo pas cuaca dingin tangan kaki rasa gel gitu ya,O
 so how was your october guys,O
 serum serum pagi amp serum malem pagi malam gabung,O
 saran lagu thailand yg enak guys,O
 not akuuuu tanda baca ig diilangin ga,O
hukum baik orang selingkuh selingkuh temen ,O
 nonton midsommar yay nay,O
 li ma ka taa https tco copyiih2v0,N
 memori hp penuh bangettt kdang sampe tinggal lt 100mb mending filenya pindah gdrive laptop ya,C
 pacar bulan udah break aja awikwok banget,N
 mending beliin chicken bucketnya kfc chigo ya traktir anak kos enak,O
 ken adopt kucing tp gatau hrs adopt darimana rekomendasi adopt kucing ga blm kucing btw tia,O
 guys saran gift guru,O
gimana kondisi  https tco 3fqqj070yn,O
 ceritain impi pacar gaa coba ceritain respon gimana nya crush ex diceritain,O
 peluang 5 diizinin nonton konser 95 ga diizinin n diceramahin abcdxyz mending ttp nyoba izin yaudah terima ga nonton tp pgn nonton all akomodasitiket pake uang jgn saranin ga izin ak dr jkt  takud knp2,C
 suka beng2 oreo ges https tco 31cazxspez,O
 spill parfum yg wangi nya teh gitu seger ga bikin pusing indoor outdoor,O
 klen prefer tsb or dufan ges knph https tco memxwnd3sd,O
 ya bgt akun rl dm gak follow base rl yg gin gak,O
gatal2 gak sih kulit abis main kucing ngadopsi rapi maju mundur takut alergi ga smpe bersin2 sih ,O
 saranin novel basing yg unsur islami dong,O
 pandang please pake bahasa salah ga sakit hati kata ikut ukm sastra gitu kemarin tuh rangka ngerayain bahasa suruh 3 puisi kirim cont https tco jca3hkzvwy,N
urus tanggap paham maksud biar puisi kembang bilang ga niat jelek bikin down banget takut bikin puisi chat berani buka 3 kemarin uts takut cont,N
ngeganggu fokus,N
 indonesia won best national costume at mister international 2022  https tco hhva6vs3b4,E
 maaf ya kalo sebel gue jg benci sisi gue yg yg sampe ngelakuin bodoh biar puji orang  https tco ui1mlty1sa,N
saran lagu love myself ,O
 titip saran kalo posisi sender https tco m0o2ysqfmo,O
 bosen banget panas pula saran bikin minum seger,N
 rumah serangga kecil2 trs loncat cepet bgt gitu gaaa kalo dipites darah tp kutu rambut yaaa gatel bgt kalo gigit trs ngebekas,O
 temen kemarin konser gak si sg penuh clip konser gue ngerasa kudet bgt,O
 gua butuh topik chat dia,N
 tolong kasi tau sender akun ig twttr yg suka kasih info konser festival musik doong makasii belum,O
 yg beli tiket cerita cinta raditya dika pas mesen tiket formulir aja nama mes,O
 takut ga dapet ptn takut prospek kerja takut ortu gapunya biaya,N
 tolong sender naksir stranger ,N
 gais pls ngatasi kek chatan elite rl ngobrol sulit kek tau gue tu nama tp kek wkt ketemu tu bingung jd pls tolong bgt kek ngajak ngomong duluan gmn tktnya bomat  ngehindar gitu malu,N
tas kayak gin abis cuci langsung ngeras kuning gimana ya balikin kayak tt  huhu sender abis cuci langsung ngeras sender pakein sikat gigi  https tco h03jrqls9v,O
 asa dpr indo 1 deh korea 5,O
 sender newbie dunia kerja sebutin istilah yg dunia kerja terang sender jg tau beda interview user sm hrd,O
 what do you think about orang kerja sales,O
 sender mimpi malem gendong bayikkk rl gaseneng sm bayi gitu tp pas mimpi ya allah neng bgtt gemesh trnyata sm anak ,N
 coba spill lagu jaman musically inget,O
 permisi yg profesi guru honorer tolong sender cari responden teliti skripsi thank u https tco wwjsxh4laq,O
 sender ajak tabib  dipijet biar mata sender ga minus sender hrs stuju engga ya,C
 karakter anime ya yg bagus dicosplay temen sender yg hijab,O
 gess tenggorok sakitharus  beli minum ya indoapril tenggorok sakit ,O
 yg ciwi2 ga sekolah pake kutek bening,O
 sumpah dunia skrg udah gila tau bgt kalang anak smp skrg udah jual perawn beli iphone itutuh sklhku speechless banget nakal batas nonton bl ngutang pake spaylater gitu cont,N
sampe kayak gitu bingung banget senolep sampe gatau kayak gin pantes aja temenku bilang polos,N
suka chatan vn an ,O
 klian kesel gksih liat trending yg muncul beginia smw https tco 5bs6hdlj9b,N
 abang nya ga main main kasih keriuk lt tahu nya beda plastik gt https tco rbeuadfepn,N
cw  harsh words kasar pedeef banget ga tuh  https tco 1ozkkavywh,N
user iphonee 7 ip 7 enak dipake ga si reviewww dongss ,O
 semangatin sender sender sekolah lemes bgt,N
 rencana reuni temen saran reuni dongg kalo yg dom bekasi-jakarta makasih,O
 anak kos yg duidnya udah habis tp takut ortu saia kack ,A
 guys udah nonton konser tennis indoor blm tribun tetep liat ga yah artis,O
 guys kalo reapply ss cuci muka ngga,O
 kalo bias ambil temen gimana bener2 kek sengaja banget manas2in,N
saran merk powerbank yg oke konser klo kapasitas 20000mah berat bgt ga ya hpku ip 11 makasih yg udah saranin ,C
 iphone 13 pro max or iphone 14,C
 anak kos juta habis minggu,O
 makan rambut nenen tim mana a kerupuk doang b gula doang c kerupuk amp gula mkan bareng d kerupuk amp gula pisah e https tco iaqtqjircf,C
 suka baca webtoon gak,O
lg bellli ip second enak nanya ya bingung ,C
 pas daring ngehindarin tugas video skrng pas ptm ngehindarin tugas kelompok,N
 halo butuh konseling psikolog offline tp kendala biaya ikut yaa teman2 bantu share yuk https tco az62kw61xi,E
 hi yg jaklingko gak ya pakai kartu flazz gak ya pakai kartu jaklingko nya makasih,O
 gue hri ultah kn yh ucapin dnk maw mnta rekomendasi hrus order minum ap gt yh sbgai kedok self reward krna bs smpe umur sgni ap gais kasi sy saran,N
 https tco yrr3dfyxia,O
 meme ana dugong kuning guyss trimaacihh https tco idyguqlovt,O
  anak ken panggil anak,O
 saran drakor guys udh gak nntn ,O
 pdf buku gaa nyari buku pdf gitu mana ya https tco gpussrvmun,O
 gimana ya crush cuekin hari cuekin 2 pas balas gak balas lagi,N
 kucing takut timun ga,O
 sedih banget pacar gak bales chat udah jam jam ngomong serius gak tenang banget on mulu ig pikir mana,N
 pacar nggak dibales i love you nya suka protes nggak https tco cgiefnp6po,O
 confess crush virtual gimana ya,O
i think i ve seen this film before  https tco 8on1z8bswj,N
 cowok peka nyebelin bet dah ya kemarin gebetan gua ngintrogasinya kek org yg ngegodain tatap titip https tco 6op55c6tjb,N
 crush suka temen aku mundur,N
 ayooo anak muda lupa doa ya putus asa percaya imani kuasa balik doa  tuhan yesus tunggu god bless you,E
 kalo cemburu does that mean i havent moved on yet ,N
 gapernah ngerasa dibanggain pacar sedih ga si gue yg salah pilih kali ya,N
 tw  mention of cheating  selingkuh kata pacar hubung romantis ngechat lawan jenis selingkuh ngechat kayak pamerin romantis ngechat lawan jenis bilang pacar lucu banget cont,N
 guys paket ind sat tuh bel paket murah tuh sender ken beli cuman 3-5gb 30 ga nya hari tia ,C
selingkuh curhat gitu orang milik hubung gak hubung gitu,O
 jam gin enakny makan  tia,O
 bahasa inggris ayam suwir suwir ayam yaa terima kasihh ,O
 selamat sore   cari temen hehe  orang 1 bawel 2 suka ngomong 3 suka nonton drakor anime tiktok 4 suka bengong  segitu yah  nggak temenan aku https tco jefzaszyll,E
 mutualan ig rl yuu drop link yaaa,O
  dapat gimana cewe confess duluan cowo sender confess ragu,O
 neng gak,N
 guys insyaallah rantau rumah kucing ken open adopt,O
 pap gapernah post samsek tu si,O
 crush sender tdi ngeliatin sender tanda naksir ga sie sender,O
 gais help panik banget huaaaa siang tu uji website kampus down temen dikabarin menit bales chatnya webnya dah langsung ngerjain tapiiii lupa cont https tco ag1zadjaqh,O
ngabarin  sebenernya grup ngabarin kalo web udah arsip kontak gatau si grup iya ngga kalo beneran ga ngerjain uji susul ga kabarin gimana dongggg cont,N
tanggung udah okein tolong banget kasih saran plissss ,O
 tugas henti ngejar gue gak gue suka cowo kipop lu,N
 senin knp ya sial trs ,N
 kek gara2 downgrad3 apk g0jek bs combo voc goput udh didenger g0jeknya deh wkwkwk udh update btw versi yg 4500 https tco mzim1f4xcm,N
 skrg udah 20 thn ttp jatuh cinta yg kesan tuh pas sd telpon ketawa-ketiwi main bareng seru2an nunggu esok tuh excited bgt ngobrol random ttp ketawa skrg pdkt cowok hambar gitu2 aja aneh gak sih aneh ya ,N
 cowo sebel ga si kalo cewenya abis ngasih pap foto bikin sw instastory si cewe,O
 guys uas pas sekolah trus udah siap kalo sender sie dh yh,O
 kalo dokter trs kasih obat racik kalo alergi kambuh pas obat abis dlm itungan wajib dokter lg resep gmn,O
 guys open adopt kucing milik suruh bayar gimana ya kalimat jangan salty ya,O
 kak rahmat gue uda bbrpa have a crush on u tpi gue bru tau klo trnyta lo uda cewe,N
 kasi ide virtual date tia,O
 buka hati orang deketin gak tau confess gimana moga dua,N
 yg bikin ngecrushin,O
 cw  food roti bakar harga 25k dapet 2 roti pake roti tawar klean murah mahal,O
 makan mie yes no,C
 emang kompetitif bgt bpk sy https tco 9bokn3a3qr,N
 suka cowo pinter pas udah dapet insecure ngang ngong,N
 gue kesel bgt sm org kek gin asli https tco s6gdxndr7l,N
 sender ketemu crush pagi sampe sore ngobrol sjshskaj gt lt,N
 au angst sad bangett dong ken nang habis stock au,N
 tolong saran ya teman bingung banget terima kasih https tco rexa7fld8g,O
 hidup flat aja ya gak semangat ngapa ngapain gak ambisi gak enak hati bawa cape gak ngapa ngapain asa cape ,N
 saranin webtoon karakter cewe cowonya poni kek anak remaja,O
 capek bgt packing barang sendiri pindah kos,N
 kalo jam gin cocok gak kalo sholat taubat bagus jam ya,O
guys klo senam wajah doang tnpa pake guasha bikin pipi jdi tirus ga ,O
 duit jajan abis ,N
 tanggal ya nya desember https tco oaosapgzhu,O
 coba ceritain giat pas sd pagi sampe malem,O
 jujur s affiliator bingung promosi gimana orang awam mau promosi gimana semangat yaa affiliator nambah duit tabung https tco qljssbn3k7,O
 last day in october drop foto jepret liat donggggg https tco kwrbeqargz,E
 please normalize beli kue ultah tadi pas beli kue mbak senyum pas toko mbak ketawa temennya gatau senyum ramah senyum ngejek ngetawain yg beli kue hbd to me ,N
 ya allah sekolah gw razia isi hp,N
 suka pedes manis sih pedes ,A
 saranin buah tangan jenguk nenek bingung bawain kali pergi kampung ,O
 kalo gimana yg dilakuin pacar salah lost feeling https tco it1mx6i3qz,O
 guyssss mata minus 025  silinder 025 kanan kiri ga ganggu sebenernya pake kacamata ngga ,C
 guys laptop keyboardnya lampu gitu kisar harga ya,O
 gimana ngatasin kangen ex ya kangen mantan tp udah bener lost contact,O
 guna hp xiaomi tunjukkin font hp mu yg lucu,N
sender lg sakit gk makan pedes enak makan ap yh ,N
 gara-gara nama cowok kali biarin aja dah panggil mas capeeeek https tco vkjsyek5za,N
 ahmad gweh lw mending diem aj dh https tco ojmtyqzw8x,N
 li ma ka taa https tco h95kd0w3wn,O
 mending yg ya guys klo yg tolong revi3w https tco udjvuoqw81,C
 halo halo temenan yuuuk small acc get a freepass reply ya,O
 guys bahasa inggris nya tumbuk biskuit halus apaa makasii,O
 haloo temen temen make in ear monitor gak ya tolong rekomendasi reviewnya terima kasih,C
 udah sadarin story nya ngebucin cewe tetep aja ngecrushin,N
 ya guys makasih belum https tco mnrsw3mkvm,O
ambil ga ya gais  https tco tcdarlmqf1,O
 ngetik doang ngumpulin nyali dulu https tco m9om465mir,N
 spill ayang fiksi mu https tco 2akfd9ohuz,O
 emaknya rafatar cantik banget pas https tco xd0ukbx86e,N
 ngaji mam permen https tco wwpdfo5lla,N
saranin kado wisuda pacar bunga makan gitu-gitu kado simpan dipake makasih ,O
 cakeyanin kakakkk semangat yaa sidangnyaa moga lancarrrr anw halo tolong semangatin kak anin makasih orang orang baikk -dimsum lt 3,E
 kata mantan sampe lo lakuin,O
 murah alf4 ama indo ya km,O
 halo tolong rekomendasi novel wattpad anak sma yg seru happy ending saran author yg terbitin novel novel remaja  thanks all ,O
 please rem jam 1 malem keponakan mas tk rumah diem diri teras abis gedor gedor pintu pas gak diem aja kakak bawa dalem ,N
fansign jaehyun kasih letters saran kata2 letters nya ap ,O
 gimana tolong bahagia ya https tco mnmonyrwwz,O
 guys tidur biar ga ngorok gimana ya malu bbrp study tour temen thanks in advance,O
 ti ti pann https tco t09q37hjmy,O
 halo besok young royals season 2 tayang sistem n3tflix nya lngsng full eps satu gitu ya yg tauu thanks,O
 aja ya orang https tco ohtwfg2f8b,N
 temenan akuu yuk i m unlabeled,O
 lupa cowok cewek kpop kerja sibuk true or false guyss ,N
 guys sender ngekos bandung udah abis 24jt anak kosan gin tuh boros ga ya,O
 kadang suka mikir ga pantes temen ya gagal teman,N
 tolong not sender ya terimakasiiii https tco slld0ibqhq,O
wkwkwkwk 300k bulan centang biru  https tco uu5ywr0ttw,N
 gemes ngga sih kalo yg ngetik nggak singkat gin https tco cwabmfz1ki,O
 yg ig nya ga lgi eror kah ,O
 panik up story takut isi bikin nyesek wkwkwkw,N
 cw  death cw  itaewon td nyerita mamah berita ita3won 1ndia mulud jd berita yg ga enak ya kalo mulud jgn kemana2 tp wallahualam k3mati4n tuhan yg tahu,N
 yaallah sadar bibir gue gak simetris nyesel tidur miring mulu,N
 bilang october,O
 halo ajarin bikin kkt,O
 nge-charger baterai sisa persen jaga baterai health hp,C
 langsung speechless  https tco d6mlwnypkt,N
 kalo hts-an langsung silent treatment gapapa ,O
 hapus data vsco login gmail foto nya ngga sih,O
 baca uname ig beliau gimana ya guys https tco httve8ypdp,O
 orang negeri base twitter kaya indonesia ga sih gais,O
 gimana cape ngga  ur doing well today,E
 i don t wanna d1e i sometime wish i never been born at all,N
 tau ga arti tulis baca hangulnya makasihhh banyakkk https tco v4990yvcss,O
 spill  - wifi ken pasang wifi rumah cari referensi duli https tco ob3kkguqln,N
 lirik lagu nya gaes  https tco bjtyz3bv6y,O
guys mw bantuin ak ngisi angket gakk nnti l1nk ny ak taro rep mangkasie  ,O
 yg ngirim mf nimbrung ngerep sayaaa,A
 bitt3rsweet colab vas3line bentuk gemes banget woyy syg banget makan https tco rfwv6ayijf,N
 mama bilang dik ga masuk males ajar susah payah beasiswa sekolah anggap gabisa apa banggain mama wkwk kakak ku skrng anggur tp rumah jadiin raja cont,N
aowkoakwowk adek ku manja bingung sampe skrng nya hahaha sumber duit kah,N
cowo ngeselin dunia alam semesta kelas gwehj puk pukin gwehj pas sakit kepala alias wowwww ni cowo ksurupan jin yachhh ,N
 titip cw  kpop yuk yuk tau ketemu km ayok komen dn sapa mutual4n https tco wx2jzkbel5,O
 guys saran oleh joger sandal yaa,O
 gue screen record yt laptop pake windowsg pas udah selesai record ga suara ya guys,O
 hmm curiga cwo spek hilmy https tco 3ygdiq8vuc,N
 cepat kecuali nunggu 3 menit jam 1947 pas ngirim menfess d,N
 princess https tco tulgba8m5s,N
 guys maksud ya kemarin update takut  https tco tlolbxazfg,O
 sedia bantu like tugas tikt0k dm yaa barter tugas jg gapapaaa thank you,O
 unlabeled and rant ayo mutualan,N
 2023 puasa ya,O
 yangg udah update ios 16 battery health nya turun bgt gaa update tp maju mundurrr,O
 nggak sih random nge dm mutual fangirl sksd kenal nanyain kabar gitu risih nggak dapet dm gitu,O
 log in ig gak gue kemarin gabisaa,O
 hiada yg bantu isi padlet ultah bestiku ngga tolong bgt mah,O
 gapapa ngeluh tp kalo emg gakuat ceritain aja ya dipendem sndiri,N
ayo cerita yaa sender lg posisi putus minggu tetep ngehubungin mantan balik  https tco xmaqdkqexb,N
kirakira si fuze sedih gak ya  https tco ccjgahwlhb,O
 i love him but,N
 yg nyiptain tugas kelompok sih,N
 yg tau baik akun ig yg kesuspend gak bantu pls,O
makan daging babi kayak gimana sih kalo dibandingin daging ayam sapi kambing gitu daging ,O
ring ring  do you mind to be my friends a little information about me 1 i m a rp writer 2 taalkss a lot pleathe drop a topic or a simple hi below 0 lt ,N
 peluang 5 diizinin nonton konser 95 ga diizinin n diceramahin abcdxyz mending ttp nyoba izin yaudah terima ga nonton tp pgn nonton all akomodasitiket pake uang jgn saranin ga izin ak dr jkt  takud knp2,N
 good evening peeps since i m starting a new life i need a lof of friends who are willing to interact with me for a long time not just to fill up my dusty timeline i put my interest on bts txt animanga danmei amp ml i m also a casual listener of itzy nmixx cont https tco 7p08ydzysf,E
japan anime songs amp lagu lawas indonesia please leave a trace with your tmi or question to summon me i m already legal and use him as my pfp see you,N
 guys gimana ngajak mutualan anon jahat,O
 jaga sehat ya sampe sakit smgt,E
 hai kaya gin nggak ngembaliin foto video gimana ya google foto ngga https tco 6bj4tfyobf,O
 yg ig nya kesuspend cung ,A
 guys yg ip user instagramnya ga,O
 banding nang nyalahin kecewa sakit milih kuatin kasih ikhlas thp yg laluin alhamdulillah ringan,N
 gaes saranin film drama yg sedih,O
 tau balikin akun ig tangguh ngak ig banget data takut ngak ,O
 guys biar orang sabar gimana yahhh,N
temenku panik 1st acc ig nya kesuspend gak ya ,O
a casual listener of taylor swift here i m a guy with two water placement in my chart watches you and breaking bad and lately i m looking forward to chainsaw man oh i m a big fan of drake and abel tesfaye too big time wanna be my companion ,O
 guys freelancer design udah yg kenal tp jenuh bgt pake brandku yg kalo full re-brand nama yay or nay,O
 sender kelas xi sma ken nyoba cari cuan jual makan sistem preorder gituu mumpung sender tinggal kabupaten jarang kalo makan ya simple enak minat tiaa,O
 buka rek bc expresi yg ngga buku tabung worth it ngga ya,C
 guys ig suka gitu ga sih ig dri kmrin keluar buka,O
 gais ig followers nya turun drastis gak ig ku turun drastis nya aman dalem hitung menit kurang 10 followers followers kurang following ku ga kurang ya,O
help me sender pas buka ig tiba2 kaya gin akun ga ya makasihhhhh  https tco gstdnkrtdh,O
 gais jgn salty ya sender tdi uji trus kelas ngajak barter kj ajar yg beda sender langsung muncul ga nyaman gtu nolak yg gmn ya makasih banyak,O
instagram tiba2 nonaktif trs suruh masukin kode yg kirim email hp abis masukin ngga notif apa2 muter2 doang halaman diaktifin ,N
 manggil pacar  crush pake sebut ,O
 instagram bersih gimana sih ga ngapain overthinking anjir,N
 okt gin bgt liat crush foto sm cewe  masukin story judul laguny lover,N
 help cowok klo luk blkg tanda apaaaa salam pisah gue pas peluk gitu lgsg lepasin lari kabur krn salting bgt btw im 21yo https tco bd6dwp5ddm,O
 sender ultah udah ganti gaada ucapin sender balon balon pas buka accpun gaada gkpapa sih agk sedih dikit gin  hehehe,N
 tolong saran proker sekbid 10 timakasii,O
 kali belanja socolla gatau barang nya otw klik kah konfirmasi pesan klik nya pas barang nya udah https tco 4cs1ux8bp9,C
 suka sahabat lawan jenis yay or nay  trus knpah,O
saranin singkat nama kelas yg unik unik lucu tetep sopan xii akuntansi 2 doong pliss bgt kelas bikin baju sragaman bingung tulis  ,O
 kalo diinget sedih dikit sksk https tco tyjilpwpjj,N
 ya allah ayang cakep banget aaaaa,E
 cw tw  18 21 alkohol alcohol belum im sorry for asking udah umur legal do any of you have alcohol recommendations for beginner btw udah diizinin ortu minum  titip,N
 sffh mwu mwtwlan akun rant brisik,N
 folls sm following ig tiba2 kurang gakk,O
 context  tema tugas novel horror romance or slice of life,O
 oktober sucks,N
 drop photo dump yukk,E
 sih gais coba praktekin deh https tco udlxsc8cmn,O
 hmm hmm hmm https tco gymwmyghtb,N
 busett indihome deh faghhh,N
 wa cowoku ngomong gt dgn kondisi kmrn pake baju kemeja sm rok karna mamah tinggal jd ga mikirin baju gmna make yg gampang aja liat isi sedih si niat ngehibur yg hari tinggal mamah cont,N
 hidup kadang adil,N
 gais saranin sambel an anak kost,O
gmn ya   https tco ulazjfsqdm,O
 yg i g nya kena s word 1st 2nd gimana udh bom,O
 sie acara bikin yearbook mending ambil rundown tema ya,C
 hloe guise crush wibu kpopers bye oppa korea ak mw pacar cwok enimku tlg gais kiat2 mnjdi cewek enim,N
 sender join panitia trs tdi pas lgi encok nya ngurus tetiba ad kk panitia tamvan sender bru liat sihdia jrng kontribusi yh tdi brdiri dpn sender sngat pelukable pen back hug smbl blng bru liat kakak tamvan maybe jwb iyhsoalnya bru nyadar ad kmu,N
 udahan sih acara kue sus nya  takut banget tidur was was,N
 wta wta pls serius only sender cwe bgt panggil bot sm temen ni mksdnya bot tuh ya pls yg jwb bonceng ,O
 nnn serius nanya,O
 say you love me,N
 titip ges https tco tgafaevcrs,O
 wanita muslim lelaki rumah ngajak ta aruf gak posisi single kalo yg,C
 haloo teman dump a cc ig drop username aja ya samperin dm make sure to check ur dm afterwards ok,O
 pap chat terandom doi xixi,N
 rasain kalo jodoh orang alias blm ketemu skrg,O
 lolos prakerja yaa trs udah beli latih abis liat latih nya sblh yaa maaf gatau ,O
ga random ngingetin mantan ,O
 kalo nawar gin gimana wajar ngga 85 btw https tco lkar5cvmfm,C
 udah ya akun nya followers ku udah,O
 good night,E
 ga basa-basi salam kenal nanya gue lha ngechat gue  https tco hpcsbd26pm,N
 tugas kelompok hapus anggota kelompok beban banget taiii,N
 mager bgt,N
 enak gmn ya klo ganti apk tu kesan rugi bgt aku gapernah makek  https tco b5rhw3jtjf,C
 ga jebak gaul yg suka bikin lo ngerasa si salah  dr orang2 gimana,O
leaked baru samsung s23 series belakang polos banget   https tco isr3xxed3j,N
 guysss sender tolong bantu like komen postingan ig tugas sender gak banget nih ,O
 tim yg dik https tco miyjyf8oxj,O
darlin your love language is blocked me right ,N
 yaa bingung https tco yygmfxf2iw,O
 icad temen sender bkin status ginian orang kenal kah sender kaya goa https tco tho79oxkia,N
main cowok org ga ngasih tau klo udh pacar cerita cewek dikasiani ngomong gin gatega sedih bgt hilang arah kudu gimana ya  titip https tco r9c4jm8fxw,N
 ngetik send chat temenku online pas kirim 2227 centang 1 last seennya temenku 2227 hapus chat on gak dichat ya,N
 cerita,O
 curiga kalo malem telpon yg telpon aja kali ya mastiin,N
 udah ga basic skin care ya basic skin care kalo langsung exfo aman ga ya tunggu minggu bulan exfo makasih ya,O
 anak kos boros hemat at the same time hikss dilema y n https tco ppox4tnzzv,N
 besok nonton tv pake sinyal analog udah beli stb nya ,O
 guys wajar gas cewe non muslim pake jilbab sekolah gara2 rambut diwarnain no salty ya,O
 hi i just broke up hehe,N
 sender pms parah telat tp tipe people pleaser badmood nya teken dalem2 mnta semangat ga cape bgt ken nang mulu sek cr  h1 by3 m4m4 https tco hphlyk7nzc,N
 guys sayap ayam tebrang ga jedot galon nang ga,N
 aplikasi website aman ngecek unfollow instagram ya thanks ,O
 tw  mentioning mental illness sender cape bgt udah tahun obat sampe nemuin obat bener2 pas minum jangka ato ga ngurangin dosis coba2 efek macem2 cemas kalo alam cont,N
 kalo telpon wa baca ringing ngga panggil ya kecuali kalo calling,O
gimana udah minum obat sampe cocok kah obat,O
 kaya cerita haha https tco 1wzpwx8mah,O
 nanya kalo biaya cek sehat rs tuh brp ya ken nyoba periksa bikin surat sehat rs screening gejala aritmia ken coba cek takut mahal,C
fess saran wo ngecilin paha sender beli celana jeans online ngepas paha  harga lumayan tia ,O
 1 oktober,O
 so how s your october,O
 ortuku toxic gin sihh yg satu selingkuh yg satu chat2 mulu sm suami orang nang liat tp gabisa apa2 mnaa skripsi  pgn minggat kalo dah kerja,N
beli slice cake yg enak ya ngasih pacar ngekos doang beli yg slice aja yg mahal dikit gitu oh iya area zogza tia yaa saran ,O
 cepet banget udah november ngerasa taun cepet banget ga si,N
 kesel banget ga si kalo buka trending twitter isi nya ga sesuai,N
jgn gadang sayang skincare mu manis ,E
 sedih ga sempet nang cape bgt gue rencana nang tunda besok tp abis tidur lupa ma sedih yauda gitu aja curhatnya anw welcome novemberrr,N
 ig udah aman bom yak,C
 gak sih diem pikir do i like him that much asdfghjklqwertyuiop ,N
 guyss tau gak inisial pm ad https tco 1cjuroenee,O
 ga pacar ga nyakitin tetep dengerin lagu galau brutal dispotify cung https tco t87b6pdn78,N
 do you believe  is exist,O
 kalo cowok udh blg maaf butuh dlu arti pgn ga hubung lg beneran ga si alesan doang ,N
 bilang beban ga hasil sendiri ibu tau sampe skrg usaha bisa tp ya blm yg nerima kerja hak sedih,N
 sender tdi bantuin tmn ngerjain tugas kuliah trs nyesek pas ngomong lu ko si ngerjain ajar kuliah ko lu ngerti syg bgt lu pinter ga kuliah udah cmn crta aja,N
 adekku jam gin blg kak besok suruh tabung karton marah ttp jwb yaudah titip mas karton dikerjain untung suruh cangkok biji jambu km iy dah obrak abrik isi rumah ,N
 let s drop your wishes for november,E
halo ad yg mw jd pcarku gx,E
 kadang ngasih sempat gaperlu disepelein,N
 gengs ga sih bot tele practice talk in english gt,O
 sp yg ntar lgi uts sy sy sy,O
 november please be nice ,E
 halo november bulan depan kuat ya,E
 ikan hiu makan tomat ya gak hiu ovovivivar,N
 guys unsend chat tele notifnya jejak ga ya,O
 gimana november,O
 guys tolongg bgt marahin plss kmrn beli pc photocardd bias ku skrng ken beli lagiii pc bias ku tuh aduhh lucu2 bgt ishhh gamau ngeluarin duit trs nyesel gmn yahh aduh pgn beli bgt tolong marahin cont,N
dongg aaaaaa,N
 kirain kosong already have a crush https tco 2qox0bfjvm,N
 deket naksir orang udah engga mending confess engga biar lega aja sih lepasin beban udah ga ngobrol irl chat departemen kampus ,N
 lucu gak bosen pake casing kosong trus pikir gambar cwek cangtip jdi gambar doi dehh trus abistu dikasiin plastik pc trus pajang casing hp pc ekslusif https tco vogfpu1urh,O
 tolong ya guys  https tco xupeiphwu5,O
 suka sabun,O
 no salty yaa titip doang gais https tco 5ifqzsi3uq,O
 welcome november lahir wkwk gak ulang tahun november kalo tanggal,E
 halo sender dapat serius diet defisit kalori aman nggak ya sehat sender defisit kalori makan total 998 kkal pusing banget normal nggak ya thank you,O
 kira2 kalo pisah minum pagi minum malem ya https tco omb5kplgh1,C
 tidur pake headset kah takut budeg,C
 kalo kasih hadiah korek cowoku gpp dukung ngeroko suka pinjem korek temennya ngeroko nemu korek lucu niat kasih biar ga minjem minjem wdyt,C
 sang prabu tujuh ganti warna,O
 gila kamar wc sender tiba2 lampu mati kipas mati pas liat saklar lampu turun colok kipas lepas sendiri,N
 guys help jual 1 barang mending lz sp or tp ya gampang,C
 saranin playlist yt tidur plzzzz,O
 awal2 putus sebenernya sayangg banget harap ubah kangenn banget yaudah emang ga jodoh,N
 would u come back to me https tco ibxmo3gobh,O
 ketik 1 bebek https tco b1wrmwvcba,O
 wajar ga ken panggil cantik bilang cantik pacar sender panggil cantik pacar sender diitung jari alias jarang bgt,N
kok gabisa share lirik spotify igs ya gabisa tekan,O
 yeah i miss you https tco luj8dyzoan,N
 bangun main qrt deeptalk yuk,O
 and i m letting go,N
 bangun pagi karna super hectic jam gin tidur sy ,O
 tl direfresh udah mentok,O
 when you love someone you re willing to learn about them and everything that excites them,N
 kalo tidur dengerin lagu suka sleep timer menit,O
 nang alas ya aja ken nang gitu,O
 kangen makan zuppa soupppppp,O
 hayooooo lupa inget-inget coba,O
 dr bulan mohon2 balik ekwkw tp cepet banget skrg moveon ahhaha taheee ,N
 tim tidur pake musik,O
 bm pop es bangettttt hujan deres udah nahan jam 10 gak tidur ,N
  habis gaji diri sendiriiiiiiiiii,N
 bangun 3 jam tidur tuh sadar kalo usaha tidur tidur yg beneran lelap huhu gk enak banget gk,O
 ga si yg temen virtual lawan jenis sampe meet up ga ngelakuin hal yg negatif i mean bener-bener cmn teman doang soal ga berani temenan virtual cowo sampe meet up ,O
 dah bangun bom guysssss,O
bahasa inggris jl kalibata jalan kalibata smpn 122 jakarta ya thanks ,O
 selamat pagi november guys,E
 pagiii lupa subuh yg muslim lt 3,E
 ok im done coba akrab read doang gin nyerah cerewet jijik resah https tco chuytegf4d,N
beda akun beda personality ,O
 terkadang orang suka ngatur bahagia orang ya terima beda aja susah bener ga ngerugiin,N
 lumayan dapet ovo gopay ni https tco korrmuph9p,O
 teman kuliah semester 5 atas lucu cuyyy ytta ,N
 anak akuntansi pdf kosong kertas kerja gakk,O
 kasih saran klo posisi kaya gin https tco kgrpxwegxk,O
kaffaailrosyadi hbd hbd hbd traktir weehh,E
sender kelas 2 sma jurus ipa sebenernya masuk psikologi bisa saranin sender ga sender ajar kayak gimana kalo kalo linjur gitu ,C
 guys yg muslim nanya solat qalbiyah subuh rumah,O
 buu guruu b indoo akuuu seruuu bgttttt https tco 0nffgsn0j6,A
 cari gas masak knp susah bgt dehhmmm yg suruh muter-muter sampe dapet,N
 ngirim saldo 0v0 d4n4 ga sih,O
november pls be rich ,E
 selamat pagi bangun sakit perut gara-gara telat makan ,E
sender wednesday addams   https tco ajykscwon9,O
 klik trending isi orang jual doang ganggu banget ,N
welcome to desember dik ,E
 if tomorrow doesn t exist what will you do,N
 im so luckyyy  https tco afnqzuebus,E
 kalo forward email edit liat darimana sih,O
 abiss confess crush trus tanggap nya pirsa https tco uoed8tmoqf,O
 good mornin for pretty people who born in this month,E
temen kendala ongkos kerja kelompok gak kerja ttp masukin nama gak ,O
 trust issue  https tco aa3dbu9rss,N
 titip guys https tco l1a4rnctp1,O
me putting wkwk in every text i send even the one who doesn t need to di-wkwk-in  ,O
 yg muslim nanya gas doa tenang batin isi kepala kemarin berisik bgt jdi serba ga fokus solat tdi salah,N
 pagi ygy dh nyampe blm https tco ebar0be2hw,E
 nonton tv pake sinyal analog udah beli stb nya ,O
 sumpa gasuka selasa huhu tidur hari aja,N
 biasa ngucek mata kiri ya kadang abis ngucek mata jd burem pas lihat kaya benang tp lendir gitu ya,O
 sepatu pvn ngga toko offline ya,O
 jarang tolong orang temen temenku kadang bilang butuh bilang cuman udah biasa lakuin ga gitu tolong udah ga ngatasin contoh ga gerak pikir cont,N
anggap sombong orang orang mikir bantu orang butuh balas nolongin orang ga ngarep balesan ya tutup,N
 gaes nyemprot parfum total brp kali biar sender gak banyak heh,E
 moga full senyum yaa,E
 instagram privateterus nge tag instastory sana ga nge follback nge liat ga yah,C
sender pacar wajar ga si pacar kek gitu  https tco uurjjoysmw,O
 yhaa pagi diginiin https tco x4kxctp7ky,N
guysss yaaa spotify sender gada lirik  abis re-install karna gabisa share lirik eh gada lirik ,O
 guys hp jaman tuhkan belakang gabisa buka gitu ya lepas batre gitu kalo pepet buka mandiri konter gasih android huu ngehang hp-nya,O
 novembersamamu gaa,O
 gut morgen roti makan sarap enak ga guys,E
 hi bestie afh terimagaji today,E
 wta interview ya ntar jam 11 mas bingung nnya nnti hrd nya pas yg please saran yg prnh interview nnya hrd nya,O
 first meet cowo anon tele doain abis ketemu gw kaga ghosting ygy,N
ngeyelnya kaya yg kuku naga potel gasih   https tco e2jgag3df9,O
 kenang2an oktober nih hasil karya keponakan ngejedotin kepala jidat gue https tco ky6jce97av,O
 bimo maafin suka marah mulu ,N
 jauh jarak bahagia kawan,A
 yg bangun jam gin ttp sekolah egk ,O
gue abis mimpi pacar crush gue twitter seru bgt mimpi anjrt bangun langsung sedih ,N
 tema yearbook kayak cocok ngak sih https tco np5fkuxsxz,O
 sedih bgt crush suka temen gue sendiri,N
 lakuin cape ga ngomong cape,O
 crush ngejauh insecure gaya hidup update makan bk br doang sedih banget but i know my worth and its totally their loss anyway,N
  guna xl tnya sender msh kuota data tp pas liat promo harga murah kalo sender beli paket data data yg ilang ga ya https tco jo8jdbdalg,C
 cepet banget udah 2023 aja,O
 sutup pacar toxic doain ngejelasin ngerasa takut lagi have a nice day people,E
 pusing banget orang tua lengkap ngeributin finansial mulu ,N
 udah 1 november nih gap harap guys,O
 udah lost spark hubung ngembaliin spark nya gimana ya sayang ga putus,O
 b li sepatu prefer offline online store,O
 sadar akun twt ariana grande udah gak tau gak ariana deactivate twt https tco cgn6ihwdsf,O
 aja harap november,O
 kalo nambahin filter video kaya template capcut gitu pake apk yaa,O
 lega banget akun instaku semalem kena  stuck loading mulu pagi udah  udah guys https tco mihx9oyut2,O
 sebenernya jawab guys https tco axlsydudc5,O
adek ulang suka main mobile legend kalo ngasih kado yg hubung sm ml mending ngasih ya top up gitu makasih ,O
 pls noticeeee yg meme ikan hiu makan tomat k0nt0l gakk sender butuh huhuu,N
 hai km udah kali pake jatah bolos mager ,E
 anak 20 s denger lagu 90 s salah gak sih demen yg jadul gitu irama enak gitu https tco jjp3gsdhud,O
 moga november bahagia ya november no nya no problem,E
 balikin mood baca tuh gimana ya sender ken baca udah ngantuk bosenan,O
 ya allah main wish moga dapet kerja tempat yg relationship atas kerabat yg sehat gaji yg baiksistem kerja yg baik,E
 cowok kalo insecure gaya hidup cewek suka langsung mundur gitu ya  gue gapernah nuntut,N
 ya pacar ken orang lemah ken bayi manja manja only orang langsung grrrr sangaar ,N
 nggak acc twt personal profesional kek jaga image gitu,O
 sender jelas https tco ojo3mqnp6c,O
 halo kakak2 bantu gak rep aja link nya kasih reward e-wallet pilih makasih banyak https tco icom9k2s2q,E
 guys klo beli case tws robot bentuk airpods yg yaa https tco jlsfoxxh1b,O
 guys yg beli ngl link prem gak yg ditampilin username nya tipe hp nya doang yah valid gak data,C
 gais gasih panik degdegan esok malem sampe gabisa tidur semalem gitu saking panik cmn nang doang kalo panik gitu tidur bodo kayak udahlah bawa tidur cont,O
aja takut dihadepin gabisa kabur wajar gasih capek kayak gin gatau hrs gmna,N
 gak sih ngerasa kayak teror gitu mutualan ditwt gara2 obsesi banget posisi risih banget dispam dm dikirimin secret message dah bilang gak tarik gak sadar2 ya cont,O
blokir,O
 ga pikir hilang aja minggu biar tau nyariin khawatir aja ,N
 tw  abuse gimana https tco nj9ejcopfu,O
 ig tuh muter2 loading tp notif masuk tp pas coba login salah pw trs trs coba buka chrome bisaa tp ga masukin usn pw gtu jd langsung msuk ganti pw chrome gabisa pw nya salah mulu gmnaa yaa huhu,O
 emang twitt3r update jelek nge-lag update takut jelek bgt kalo ga update ga login akun,C
main gardenspace lolos kesini darimana ya tanggung banget tinggal misi  makasih udah bantu jawab  https tco 50rlroq3xd,O
 how to find international friends,O
 guys rekomendasiin dry shampoo pake hehe thankiesss,O
 fase baru berangkat sekolah ken langsung pulang gegara lu kelas ngerasa g temen,N
 gimana ya ikhlas gimana mantan nyakitin kadang ngerasa gak adil udah bahagia pacar baru struggle trust issues yg,N
 guys pa bole bantu like reels akuuu dm ya ,O
 safe flight  i love youuuuu  enxcept,E
guys mastip nya bulan beli kuota bulan gak sih nambah mastip beli pulsa btw kartu xl ya  https tco qqvjm5huuf,C
november jahat jahat yaa ,E
 sender olahraga kelas crush sender saranin caper yg ga hwhwhw,O
 yg pke ga mending pke cushion ya bngung https tco mseuhyuo8m,O
saran earphone m niso ku pake min so ga awet  https tco 2mqxiymefa,O
 instagramnya khusus post lomba volunteer mutualan yukkk akun reply username aja ya follow,O
 teman orang tetep ngerasa ken tau kalai cerita langsung nyari https tco 4b9kt0txre,N
 buka ig skrg aman ga sih sender blm buka ig semalem buka takut ilang huhuu,C
guys udah aman ya kalo buka ig ,C
 i g udah aman ya buka tp msh takut,C
 at least i have my self https tco 4qoxsguax7,O
 aja yg mapel matkul nya berat,O
titik posisi yg yg dapat yg hilang ,O
 cw  food ada udah nyobain martabak balik gimana https tco a0jxddunxl,O
kopi ku jatoh gaissedi bgtpdhl lg bm   https tco yftk0zfska,N
 hilang bau mulut gimana ya,O
 november be rice pls ,O
 liat tweet cowok nyalahin udh kebaperan kek gaterima udah dm cewek emang beneran salah gatau sedih aja pliss cheer me up https tco dcbvabilvn https tco tirnyujrth,O
 saran  https tco qhen8hmkey,O
 self love tuh knp susah bgt ya gampang ngomong orang jgn insecure tp susah nerapin,O
 biar mam omg  https tco jgxrsyr8ez,O
 guys saran lagu playlist https tco hjwcq4b2fe,O
 rangin deh share base isi aplikasi belah sw temen orang dekat izin cf instagram nyari temen julid base,C
 ga si gemes bahu cowo klen yg liat gagah kek bawa ken gigit ,O
 awal november,O
 kira2 salah gak klo ngasih tau adik biar nurut ortu sbg balas krna apa yg dipenuhin ortu adik cewe msh kls 5 sd kadang ngebangkang omong ortu btw nurutnya baik kek sekolah ajar,O
 roleplayer context misal anak rp sma umur 17-18 taun pacar umur 23 masuk grooming child,O
 kucing tin ikut marah ya https tco 3qadv8dxbk,O
november my birth month pls be kind ,O
 ad yg muk jd pcr ak g,O
 guys bahasa inggris nya taruh bola regal wadah isi cas lumur ceres yaa makasii,O
 jalan jalan beli paku ayo bantu https tco ovtjern6oq,E
 capek banget ril https tco mjirs922un,N
 nenyeee,O
 sender kopi gitu trus kasi susu tpi putih gin ya  gugel kadaluarsa sender liat ed nya mas banget ga aneh yg gin minum ngga ya krn kopi nya panas ya trus langsung kasi cont https tco hcgb0qy3sv,O
susu makasii ,E
 gin banget nasib figuran circle aja tinggal ga ajak haha,N
selamat pagi sambut turun hujan  https tco pzhjvwawes,E
 cewe cantik gt gt gt cowo ganteng,O
 pake gimana guys https tco 9a5pwp48nh,O
