 content;sentiment
mending beli banyak buku punya rak buku beli rak buku buku nya dikit;C
mana cocok tonton sama pacar saran movie romance manis ga too much terus lucu gituu makasiii tco ltnfomz;C
saran kado ultah buat ayah dong benda makan jangan manis tia;C
bantu pilihin dong mending ngecat kamar pasang wallpaper lihat segi budget keriwehan thank u;C
nanya dong kalian kalo ngetweet rant nyambat gitu mutual reply dibales ga trus kalo ngereply kamu bales jujur kaya gapapa aku bingung soal aku ga harap sambat reply sama moots ga enak kalo ga dibales;C
gak garam mau nanya aku liat yt pl prem an kok luar jadi an bawah gitu yaa aman ga yaa tia;C
guys mending co skinker skg karna payday apa tunggu diskon bnyk mana guys;C
kalau kuis terus sempat kali nah kira ambil nilai paling tinggi rata yaa sender mo ngulang cuma gatau salah takut ulang malah nambah kecil;C
ngecrushin org krnh formalitas nggk ap ap kan takut tmn sender mikirnya sender cmn cwo fiksi ama cwo kpop doang pdhl mah iyaa t i t i p a n;C
aku baru mau alih korean skincare kalian mending nyoba set cosrx thank u tco;C
charger kalau dipake jadi rusak ga sih rumah semua hp pake chargeran aku soal mau blg ga sangka pelit ntar serba salah;C
aku kan punya banyak file drakor laptop terus aku hapusin waktu recycle bin aku hapus permanen niat storage laptop aku balik mula sblm ak download drakornya kok ga pengaruh storage aku tetep stuck angka aja cont;C
cw luka merah merah guys mau tanyaa orang kena asam urat tuh kalo kambuh kaki sampe merah gosong gitu bokap ku asam urat tiap kambuh selalu merah gitu kaki skrng tuh merah nya bener merah bahkan betis depan sampe cont;C
kayak gosong gitu udh hari ga kunjung ilang merah padahal biasa hari udah ilang gapapa kan tahap wajar kan;C
mau tanya gais suhu badan normal ngga;C
kalau puasa terus bersihin gigi pake lidah bikin batal gak aku gak sadar bersihin baru mikir batal apa nda gitu;C
guys mau nanya kalo pake pln pascabayar arti pakai bulan september aku lunasin bayar bulan oktober kan erti bener gak;C
cw kulit muka kulit wajah kulit terlupas kelupas aku rutin pake skinker baru nyoba sih pemakain minggu kulit muka ku jd kelupas gin wajar ga si ga gatel efek sih atau krn cocok makasih https tco myazel;C
tw mentioning sexual harassment leceh seksual seriously asking cewek kalau rumah sendiri pake kaos lengan pendek celana paha boxer celana pendek hotpants gak salah kan wajar kan kalau misal pas pake pakai kayak gitu terus cont;C
jadi leceh bukan salah pakai kan apa kalau teras rumah ganti pakai tutup dulu;C
maen game landlord sim gak mau nnya dong pls ak bingung bgt bangun belah mana mau bikin tp bingung lahan nyaa ga tanda tco opix;C
kalian pihak pro kontra kalo anak ngelakuin salah orang tua hukum cara henti uang saku nya;C
guysss sorry mau nanya karna ga nemu jawab battery health aku ngurangin dlm waktu bulan aman ga sih emg cuma ngurangin cuma efek emg jd boros bgt sih jadi batrenyaa;C
guys mau tanyaa jadi laptop microsoft hilang kalo diinstal ulang kang service ngga microsoft;C
guys aku kan barang track order apknya tuh stuck jakarta doang tgl pas chat j n t nya paket aku malah bolak balik gin gimana butuh bgt barang tco;C
sorry gais mau nanya detail activity gdrive tuh gabisa hapus gaenak bgt liat nama aku ngespam gitu sana di liat sama orang gak si plis kalo malu bgt;C
memori hp aku penuh bangettt kdang sampe tinggal mending filenya pindah gdrive apa laptop;C
kalau peluang diizinin nonton konser ga diizinin n diceramahin abcdxyz mending ttp nyoba izin yaudah terima ga usah nonton tp pgn nonton all akomodasitiket pake uang sendiri jgn saranin ga usah izin soal ak dr luar jkt takud knp;C
sender mau ajak tabib dipijet biar mata sender ga minus kira sender hrs stuju engga;C
saran merk powerbank oke buat konser dong sama klo kapasitas biasa berat bgt ga hpku ip makasih udah saranin;C
iphone pro max or iphone;C
kalian kalau makan rambut nenen tim mana a kerupuk doang b gula doang c kerupuk gula mkan bareng d kerupuk gula pisah e jawab tco iaqtqjircf;C
aku lg mau bellli ip second enak nanya aku bingung;C
guys kalian paket ind sat tuh kalau bel paket murah tuh mana sender ken beli cuman gb hari ga nya hari tia;C
makan mie yes no;C
guysss jadi mata minus silinder kanan kiri ga terlalu ganggu sebenernya lebih baik pake kacamata apa ngga;C
mending mana guys klo punya revi dong tco udjvuoqw;C
haloo temen temen sini make in ear monitor gak rekomendasi sama reviewnya terima kasih;C
baik waktu baterai sisa berapa persen jaga baterai health hp;C
buka rek baru bc expresi ngga buku tabung worth it ngga;C
aku baru pertama kali belanja socolla jadi gatau barang nya otw klik konfirmasi pesan klik nya pas barang nya udah tco;C
aku jadi sie acara buat bikin yearbook mending ambil rundown apa tema terus;C
wanita muslim kalau lelaki datang rumah ngajak kalian mau gak posisi kalian single kalo mau apa buat kalian mau;C
kalian kalo nawar gin gimana wajar ngga btw tco lkar;C
enak gmn klo ganti apk tu kesan rugi bgt aku soal gapernah makek tco;C
mau nanya kalo biaya cek sehat rs tuh brp ken nyoba periksa dulu pernah bikin surat sehat rs screening kata gejala aritmia ken coba cek takut mahal;C
ig udah aman bom yak;C
kira kalo mau pisah mana minum mana minum malem tco omb;C
tidur pake headset takut budeg;C
kalian kalo aku kasih hadiah korek cowoku gpp malah lihat dukung ngeroko pinjem korek temennya buat ngeroko aku tadi nemu korek lucu niat mau kasih biar ga minjem minjem wdyt;C
guys help dong mau jual barang mending lz sp or tp gampang;C
sender kelas sma sekarang jurus ipa sebenernya terus mau masuk psikologi saranin sender ga sender apa mungkin ajar kayak gimana kalo kalo linjur gitu;C
misal instagram privateterus nge tag orang instastory sana ga nge follback bisa nge liat ga yah;C
buat xl mau tnya dong sender kuota data tp pas liat ada harga murah kalo sender beli paket data data belum bakal ilang ga tco;C
guys pernah beli ngl link prem gak ditampilin username nya tipe hp nya doang yah valid gak data;C
tanya dong emang twitt update jelek se mau update takut jelek bgt kalo ga update ga login baru;C
guys kan mastip nya kurang bulan kalau misal beli kuota buat bulan gak sih nambah mastip beli pulsa dulu btw kartu xl tco qqvjm;C
buka ig skrg aman ga sih sender blm buka ig semalem mau buka takut ilang huhuu;C
guys udah aman kalo buka ig;C
i g udah aman mau buka tp takut;C
kurang rangin deh share base isi aplikasi belah sw temen orang dekat kalau izin cf instagram buat nyari temen julid base;C
halo pejuanguny gimana nih siap buat masuk uny hmmm aku sih yakin kamu udah ajar biar nama jadi salah satu nama dapet kata umum snbp snbt sm tetap semangat giat ajar tco qlycu;E
halo ming barang kali mau baca au drpn rem tco xyrzsrfxfp;E
vit sini halo pieee;E
halo hyung bonbon tco yonronrxoa;E
halo sender izin aju diri betul rasa cocok kriteria kamu cari punya m rk he seung side face claim worry not confident about my ability to potray them tipe pacar bubbly talkative playful;E
halo bencana bot lapor dampak gempa sila balas gempa tco bhue;E
halo kak mamen kak temenna ngebully ak terus tco;E
halo nder sila;E
halo semua aku kangenkesiniiwh;E
aw kaget halo meng;E
halo tidak tambah nomor anggota kuota akrab padahal kuota susah masuk tdk sesuai kuota tera kurang tco ckizsskhos;E
halo mayy dah males main twt aku hiks;E
gundul halo dek;E
ic halo yg mau jajan warunganime warunghq warunghaikyuu tco;E
posisi jejer ro cacing nk wes munggah tak halo singsemangat;E
kan ndek video klip e js double punch kui basement parkir to ahahaha cuman jokes btw dikomen sama sik featuring sama js lagu double punch nih halo;E
halo sender kalau memang mungkin nyangkut aja bukan arti kamu ga baik kurang ya jadi ga perlu bagai ayo semangat sampai woah akhir kaya gitu semangat sender;E
halo bias kamu siapa fromis;E
baik ulang halo lebih milih matcha ketimbang taro;E
halo gimanaa yaa;E
halo sedia jasa gestun spaylater krediv indodana gopaylater bisa langsung cair after co fastrespon langsung wa tera bio tco vshorkeshr tco rzaifzjo;E
halo mau jastip war tiket aurora bgt nih aku bantu langsung dm aja;E
halo mbak nana;E
halo ganteng tco;E
halo kakak baru rilis single temenan sekali join notre yu kak ct nya lucu semua jamin bikin kakak nyaman tco tco ffbkh;E
piksen ijo apa abu bebas sing penting halo dek;E
halo tania aku videographer jkt silah lihat tco budget diobrolin hehe;E
malem minggu halo bulan;E
halo halo gimana hari bro cakra;E
cardigan rajut bujang nct halo gaes aku mau rekomendasiin cardigan rajut biar sama sama bujang nct shopeehaul cardigan shopeeaffiliate shopeehaul koreanstyle racunshopee racunshopeemurah zonauang butuhuang nct jaemin jeno jaehyun taeyong tco orot;E
halo kak cdm thank you;E
halo jisung;E
halo sayang tco;E
halo halo hai ga apdol rasa kalo gak miror selfie wc tco kkchljselx;E
halo bang;E
halo bencana bot lapor dampak gempa sila balas gempa tco ctczqzdrkf;E
halo gaes tau gak sih kalo bank bangga semua catat kerja gemilang loh keren banget yakan kinerjabriq;E
halo evan;E
halo sering interaksi maaf wkwk gua kasih ava biru;E
halo kak aku noleh ga titip mf zoofess;E
halo dek;E
halo mau ikut arisan get hari aku jelasin detail nya dm komen aja yaa zonajajan zonauang;E
halo min mau tanya klo purwokerto purbalingga naik terminal bulupitu ga naik halte seperti halte rajawali;E
halo kak jangan nyeret terimakasih matiin ritwit aku tco yzxktls;E
halo ka febii makas banyak atas baik yaa moga kamu selalu limpah rezeki kebahagian i hope christmas this year will be the best christmas for you sekali terimakasih ka forget to stay hydrated yaa tco;E
halo kak aku mau ngucapin makasih bnyak buat kaka tribune udh ngadain ga terima kasih mau bahagia buat temen carat smoga rezeki nya ngalir terus sehat selalu bahagia selalu moga kaka nya notice bias nya masing tco ajyj;E
halo kak aku open sharing gramdig fiksi fullprem asi lit sewa google play books lagi lohhh tco uvnlf;E
halo kak aku gak titip mf zoofess;E
halo kak aku open sharing gramdig fiksi fullprem asi lit sewa google play books lagi lohhh tco uvnlf;E
halo cuman fiksi abai typo timestamp btw kayak masuk short au soalmya hshshs enjoy;E
halo nero long time no see kamu apa kabar;E
cuaca ngga tanya apa kabar sudah tak dengar telinga baik baik masa lalu;E
kagok banget perform deketan sama pas kabar jin keluar group denger kabar sih krn tau pcrn tp gak bukti foto ato apa nes cuma edar knetz aja apa i wish the best for jinni;E
apa kabar;E
astaga apa kabar gue pas exo debut gue smp skrng umur udah empat abad;E
apa kabar ngatain ksj banci karna ga wamil;E
alhamdulillah kabar baaaik mei apa kabs nich;E
hi bang dragaz apa kabar;E
anak apa kabar sehat udah berapa lama nganggurnya saran usaha keren gaji tinggi masuk ga braw;E
ganteng apa kabar makan banyakkk;E
baru kli dibilangin cari cuan sini apa kabar sama grup ntah berapa kali sering kesini nonton video jangan goreng tco ylnwjmk;E
tinggal bias out grup udah tinggal bias nikah udah tinggal bias tinggal udah hati apa kabar wkwkwk moga sekarang baik baik aja;E
hihu hihu apa kabar gin dulu aja lah alon alon asal lakon yoi gitu aja thanks for reading see you on the next update tco wssu;E
hi bang jek apa kabar;E
miss u too bebi apa kabar;E
arti gilir inisiatif nanyain kabar gimana udah dapet baru apa balika ama lama;E
bang kaidan apa kabar;E
life apa kabar bandung hihi aku lega rasa nonton tangis air mata walaupun dikit gapapalah penting sekarang aku hehe mungkin ikhlas mungkin aku lebih rela tco ldr;E
apa kabar juniordanyw;E
iyanih fitur ig gue bales chatnya dosen gue bgst gue kira nanya gue apa kabar anjinggg;E
cakap remaja perempuan buah warung a gua th th b lah iya yah asa tua bgt gua gua apa kabar ajg kalo th asa tua;E
au si rifan apa kabar min;E
hari chat sok tanya kabar trs ujung bilang kalo diri sombong wkwkwk lucu bgt malah ngatain dahal apa sombong sy klo km muncul lg dengn chat gin tuh jd inget kelakuanmuu aku mau hps kontak jg ntar dulu deh kyknya blm waktu tepat;E
wkwkwk bul apa kabar dah move on blm;E
apa kabar kak juniordanyw;E
huni kapal bluesy apa kabar tco egtu;E
emang kenapeee malah lebih dr mau bilang rakus apa kabar;E
apa kabar notaris ppat iship taun ga gaji;E
haloo apa kabar;E
assalamualaikum lambung apa kabar sehat;E
hi bang gavin apa kabar;E
neira apa kabar;E
hello fems apa kabar moga sehat yaa fvlog udah tayang nih fems vlog kali bakal nunjukin seru lama short trip loh wah ngapain aja langsung cek link bio gais tco;E
chat aja hallo apa kabar inget gue gak kan pikir siapa tau hati paling rasa kangen buat ngobrol lg yaudah coba rekam lg wkwk;E
sepatu sekarang mahal sekali apa kabar tahun depan;E
hai hai malam apa kabar yorobun longtime no see karna bulan ga hts tco cwmb;E
hi pejoy apa kabar;E
apa kabar kata sahabat ninggalin sahabat sendiri;E
teh cancii apa kabar;E
halo apakabar pacar heesung;E
apa kabar aku kangen kayak hari kemaren engga ngobrol;E
haloo apa kabar;E
hybe segala aja ditawarin gidle lah apa cari talent sendiri napa dah do sm susah buat jadi soloist apa kabar svt hybe aja jauhh lebih susah susah solo tco sdlu;E
biyu apa kabar;E
unpad apa kabar;E
salam kenal apa kabar;E
apakabar;E
aku baik kamu apa kabar;E
uas mu apa kabar;E
makin cakep aja apa kabar a;E
akhir okt gin bgt liat crush foto sm cewe masukin story judul laguny lover;N
hari sender ultah udah mau ganti hari gaada ucapin sender balon balon pas buka accpun gaada gkpapa sih agk sedih dikit gin hehehe;N
kalo diinget sedih dikit sksk tco tyjilpwpjj;N
cw tw alkohol alcohol im sorry for asking buat udah cukup umur legal do any of you have alcohol recommendations for beginner btw aku udah diizinin ortu buat minum titip;N
sffh mwu mwtwlan sama rant brisik;N
oktober sucks;N
hmm hmm hmm tco gymwmyghtb;N
busett indihome deh faghhh;N
wa cowoku ngomong gt kondisi aku kmrn pake baju kemeja sm rok panjang karna mamah tinggal jd aku ga mikirin baju aku gmna make gampang aja mungkin aku liat isi sedih si mungkin niat ngehibur aku baru hari tinggal mamah cuma cont;N
hidup kadang tak adil;N
hloe guise crush aku wibu aku kpopers bye dulu oppa korea ak mw pacar sama cwok enimku tlg dong gais kiat mnjdi cewek enim;N
sender join panitia trs tdi pas lgi encok nya ngurus tetiba ad kk panitia tamvan sender bru liat sihdia jrng kontribusi yh tdi brdiri dpn sender sngat pelukable pen back hug smbl blng kok bru liat kakak tamvan maybe jwb iyhsoalnya bru nyadar ad kmu;N
udahan sih acara kue sus nya takut banget mau tidur jadi was was;N
say you love me;N
pap chat terandom kalian sama doi dong xixi;N
ga salam kenal asal nanya gue siapa lha siapa ngechat gue tco hpcsbd;N
tugas kelompok hapus punya anggota kelompok beban banget taiii;N
mager bgt;N
leaked baru samsung series belakang polos banget tco isr;N
darlin your love language is blocked me right;N
icad siapa temen sender sering bkin status ginian orang kenal sender kaya baru keluar goa tco tho;N
nyata lama aku main sama cowok org ga ngasih tau klo udh punya pacar aku cerita cewek aku malah dikasiani dia ngomong gin aku jadi gatega aku sedih bgt hilang arah aku kudu gimana titip tco;N
aku baru ngetik terus send chat temenku online terus pas kirim terus centang last seennya temenku terus aku hapus chat on arti gak mau dichat;N
aku curiga kalo malem telpon sama aku telpon aja kali buat mastiin;N
buat anak kos boros hemat at the same time hikss dilema y n tco ppox;N
hi i just broke up hehe;N
sender pms parah sama telat tp tipe people pleaser badmood nya teken dalem mnta semangat kalian ga cape bgt rasa ken nang mulu sek cr tco hphlyk;N
guys sayap punya ayam tebrang ga terus kalian kalau jedot galon nang ga;N
tw mentioning mental illness sender cape bgt udah tahun lebih obat sampe sekarang rasa nemuin obat bener pas minum jangka panjang ato ga ngurangin dosis coba terus efek macem sering cemas kalo alam cont;N
ortuku jadi toxic gin sihh satu selingkuh satu chat mulu sm suami orang mau nang aku liat tp gabisa apa mnaa skripsi pgn minggat rasa kalo dah punya kerja;N
cepet banget udah november kalian ngerasa taun cepet banget ga si;N
kesel banget ga si kalo buka trending twitter isi nya ga sesuai;N
sedih ga sempet nang cape bgt gue hari rencana nang tunda besok tp abis tidur ma sedih yauda gitu aja curhatnya anw welcome novemberrr;N
pernah gak sih diem terus tiba tiba pikir do i like him that much asdfghjklqwertyuiop;N
ga punya pacar ga nyakitin tetep dengerin lagu galau brutal dispotify cung tco;N
kalo cowok udh blg maaf aku butuh sendiri dlu arti pgn sendiri ga mau hubung lg beneran ga si cuma alesan doang;N
bilang beban ga hasil sama ibu sendiri padahal ibu tau aku sampe skrg usaha aku tp kalau blm mau nerima kerja aku apa aku hak buat sedih kan;N
sender tdi bantuin tmn ngerjain tugas kuliah trs nyesek pas ngomong ko si ngerjain soal kan ajar kuliah ko ngerti syg bgt pinter ga kuliah udah cmn mau crta aja;N
adekku jam gin blg kak besok suruh buat tabung karton walaupun marah ttp aku jwb yaudah titip karton tetap dikerjain untung suruh cangkok biji jambu km kalau iy dah aku obrak abrik isi rumah;N
kadang ngasih sempat gaperlu soal malah lebih disepelein;N
ikan hiu makan tomat gak lah hiu kan ovovivivar;N
guys tolongg bgt dong marahin aku dong plss aku kmrn beli pc photocardd bias ku skrng jadi ken beli lagiii soal pc bias ku tuh aduhh lucu bgt ishhh aku gamau ngeluarin duit trs nyesel gmn yahh aduh pgn beli bgt marahin cont;N
dongg aaa;N
kirain kosong nyata already have a crush tco;N
beberapa bulan lalu aku deket naksir sama orang udah engga turut kalian mending confess sekarang engga biar lega aja sih aku mau lepasin aku udah ga pernah ngobrol irl chat satu departemen kampus;N
gila kamar sama wc sender tiba semua lampu mati kipas mati pas aku liat saklar lampu turun colok kipas lepas sendiri;N
awal putus sebenernya aku sayangg banget harap kamu ubah kangenn banget yaudah mungkin emang ga jodoh;N
wajar ga ken panggil cantik bilang cantik sama pacar sender panggil cantik sama pacar sender diitung jari alias jarang bgt;N
yeah i miss you tco luj yzoan;N
and letting go;N
when you love someone willing to learn about them and everything that excites them;N
kurang dr bulan lalu mohon balik ekwkw tp cepet banget skrg moveon ahhaha taheee;N
bm pop es bangettt padahal hujan deres udah nahan jam gak tidur;N
habis gaji diri sendiriii;N
im done mau coba akrab read doang gin nyerah aku aku cerewet makin jijik resah tco chuytegf;N
terkadang beberapa orang ngatur cara bahagia orang terima beda aja susah bener lama ga ngerugiin kalian;N
teman kuliah semester atas lucu cuyyy ytta;N
cari gas buat masak knp susah bgt dehhmmm kan suruh sampe dapet;N
klik trending isi orang jual doang ganggu banget;N
if tomorrow exist what will you do;N
trust issue tco;N
muslim aku mau nanya dong gas doa buat tenang batin isi kepala kemarin berisik bgt semua jdi serba ga fokus masuk solat tdi sempat salah;N
sumpa aku gasuka hari selasa huhu aku mau tidur hari aja;N
aku jarang minta sama orang temen temenku kadang bilang kalau butuh bilang cuman udah biasa lakuin sendiri aku ga gitu minta kalau udah ga ngatasin sendiri contoh ga gerak jadi pikir kalau aku cont;N
anggap sombong sama orang orang aku biasa mikir kalau minta bantu orang butuh balas padahal aku kalau nolongin orang ga pernah ngarep balesan aku apa aku terlalu tutup;N
yhaa diginiin tco;N
mau first meet sama cowo anon tele doain abis ketemu kaga ghosting ygy;N
bimo maafin aku mulu;N
gue abis mimpi pacar sama crush gue twitter seru bgt mimpi anjrt langsung sedih;N
sedih bgt crush malah temen gue sendiri;N
crush ngejauh insecure sama gaya hidup aku padahal cuma update makan bk sama br doang sedih banget but i know my worth and its totally their loss anyway;N
pusing banget orang tua lengkap ngeributin masalah finansial mulu;N
pls noticeee punya meme ikan hiu makan tomat gakk sender butuh huhuu;N
cowok kalo insecure sama gaya hidup cewek langsung mundur gitu padahal gue gapernah nuntut apa apa;N
kalau sama pacar rasa ken jadi orang lemah ken jadi bayi manja manja only kalau sama orang langsung grrr sangaar ;N
aja sekarang lebih takut semua dihadepin sendiri gabisa kabur wajar gasih aku capek kayak gin terus gatau hrs gmna;N
pernah ga pikir tiba tiba mau hilang aja satu minggu biar tau nyariin khawatir sama siapa aja;N
kalian pernah fase baru berangkat sekolah rasa ken langsung pulang gegara kelas ngerasa sendiri g punya temen;N
gimana cara ikhlas sama gimana mantan nyakitin aku kadang ngerasa gak adil udah bahagia sama pacar baru aku struggle sama trust issues aku buat sama;N
aku teman sama semua orang tetep ngerasa sendiri ken tau rasa kalai cerita baru langsung nyari aku tco;N
kopi ku jatoh gaissedi bgtpdhl lg bm tco yftk;N
capek banget ril tco mjirs;N
gin banget nasib jadi figuran circle selalu aja tinggal ga ajak haha;N
ken sukses kerja scroll twitter;N
tuju poin ngebayanginnya aja udah merinding biar latih perang senjata api tetap manusia milik rasa takut sama mati jangan disamain main free fire pubg sama counter attack;A
tuju;A
tuju;A
nah tuju nih aylopyu;A
tuju;A
tuju gus;A
aku curhat ttg crush emak emakku sgt tuju masalah orgnya mau g;A
tuju;A
tuju gus muhaimin;A
duh bener nyata iya tuju banget beneran jarang nemu au ambil sudut pandang masyarakat tengah bawah kyk cerita;A
tuju gus;A
sangat tuju sekali kak bikin hati jadi tenang;A
tuju arthur mulai peperangan;A
tuju;A
tuju mamubenda baik kena sokongpuak puak tiktok insta kira nak ambik gmbaq jabkn nak nikmat makan tu he he;A
cowok kalau udah nang begini tanda sayang banget iya sayang sama ban sp sport sih soal bikin nyaman senyap buat ajak unlimitedjourney mana tuju kan drivemate experiencewithdunlop dunlop dunlopindonesia unlimitedjourney tco;A
tuju bgt kalo gatel langsung kurang kalo aku;A
iya tuju jelas buat asumsi liar asumsi liar investasi bwt podcastny dijadiin corong;A
tuju semua buka gak anti kritik kritik jg konstruktif sifat bangun destruktif;A
tuju gus;A
tuju bong krn datang quran dungu ubah jadi akal sehat cebong mana ngerti;A
tuju;A
aku tuju ganti si ca jujur salah ketik mulu mau rekomen temen;A
gue vt buat lo sorry banget gue ngetawain kali menit critanya bapak ga tuju krn jn cm jual pop ice tco;A
tuju gus;A
tuju orang asing kalau kilang tak elaun just gaji basic je apa diaorg sanggup lari cari kilang tau;A
semua tuju;A
tuju gus;A
tuju digebukkin tco;A
iyaaa tuju;A
tuju bubar pak presiden krn sdh tdk punya taring alias ompong;A
tuju;A
influenced by jane bilang makeup sendiri pas nikah krn pen pake mua pas nikah aja biar pangling w jadi tuju wisuda besok makeup sendiri aja dah mua nya pas nikah aee;A
sangat tuju gus muhaimin kritik bangun;A
tuju;A
tuju tum ahy ahypimpinperubahan;A
yess tuju;A
tuju;A
sy tuju min;A
tuju bantu sekali mantap bangga tco ganjarhebat;A
tuju;A
kalau kata pernahsaya tuju;A
apa tuju;A
siaaap tuju gus kritik bagaimana jadi masuk lebih tingkat kualitas lebih baik;A
tuju guss mantap;A
sangat tuju gus muhaimin;A
nah kalau aku tuju kak;A
tuju gus;A
tuju banget bersamajuara ridwankamil tco htjmmnfwsz;A
tuju sering salah tempo keburu mahasiswa bilang teknik wkwkw;A
lol tuju rasa sakit org lg happy another level of sakjiw iya jiwa sakit sila sembuh dulu biar ga ketrigger pas main sosmed;A
sip tuju;A
tuju bantu sekali tco wgea jokowihebat ino harianto polresta balam;A
tuju;A
tuju budidaya kelapa genjah waktu panen relatip cepat buah lebat;A
tuju;A
tuju guse;A
tuju;A
nder tuju banget kejuuu enak parah aku sama pacar bangettt;A
tak tuju;A
nek iki rodo tuju;A
kelas pak dudung selaku kasad tdk perna klaim opm terorisbahkan dunia internasional tdk tuju sebut teroris jadi ada ngada;A
kata cadang tu muhyiddin kalau kata cadang mana mungkin ydpa minta utk sign dokumen tuju tolak cadang baginda kalau bukan gabung dah ydpa panggil istana bangang hg ni sbb ni kalau gabung cukup la simple majority;A
heh iyaaa tuju bgttt love jg jd lagu no paling dr dulu smp skrng selalu nangkring paling pertama wkwkwk enak bgt soal apa lg haechan candu bgt;A
tuju gus muhaimin kritik konstruktif perlu;A
tuju gus;A
tahun mula internet fiber wujud la sekarang dah hujung nak masuk alas at least xx duduk tuju baru tarik kabel tak fiber semua tempat padahal tm monopoli kot tco;A
tuju dasar orang punya rejekinya masing;A
hehe gak tuju;A
tuju;A
pas gue jd headhunt kl nyari org kedapet cv model gtu emg dsuruh skip krn anggap ntar ga kompeten gtu gue tuju ama salah repnya kl beda budaya jaman dlu ama skrg tco xccr;A
tuju gus;A
semua orang tuju ikeu sangat gemas lucu;A
hehe tuju sih ronaldo pernah lebih baik;A
tuju;A
tuju nih;A
tuju tp knp minimal admin dr minimal dr dar aparat kait apa ga lihat pura cuek soal begini;A
tuju;A
pp mu jelas semua aku tuju bola bulu tepok;A
wkwk tuju bolong bre;A
tuju bang;A
tuju gus;A
tuju cak imin apa bupati meranti juang tingkat miskin ekstrem tinggi moga solusi;A
tuju;A
tuju;A
tuju tco pcljbbnyya;A
tuju walaupun story linenya standar visual gila cantik banget apa visualisasi bawah laut juara;A
eh aku tuju tuh bagi haje au belah sering bnget jd anak bandel nya tiap kali ku baca aku ampe kyak aelah asa dpet peran nya gk jauh dr kalo bner jd cast tmen ama si per utama au nya keitung jari;A
tuju anjing aja masuk surga nah kl kadal gurun;A
even tak pernah keluar dating i tuju;A
tuju gus terkadang buah kritik buat makin maju;A
tuju gus terkadang sekal kritik perlu bs bangun motivasi lebih baik lg;A
tuju tco;A
tuju mediocre only tco dmyqbwrqsh;A
tuju gus;A
tuju tepat sekali;A
bwner bgt tuju ky ni duit pake apalahi;A
tuju sih tp biar messi fix jd goat kalo menang pd tetep lebih ngefans sama ibarat lebih telor dadar padang rendang nobat jd makan enak dunia;A
maaf ga tuju maksud ga semua tuju jugakansoalnya aku rarepair aku nemuin tulis aunya gapernah masukin pair populer awal aku mikir persis gin pas lihat nyata gasemua kaya gitu tco zsma;A
jeno sm karina pacar aja si kata gue mamak kau tuju ayo rugi kalo ga pacar;A
cadang nama twitter baru rse ssuai antoine griezleman mal pon dh tuju tu bole proceed jap lg laa ni;A
tuju;A
tuju bgtt pak anies sosok toleran itstime tco kiiojbdogi;A
tuju gus positif thinking;A
baru kali tuju ama buzzer wkwk;A
tuju perintah tegas;A
tuju banget skill gak banyak pilah pilih kalo tuju emg pgn gaji gede karna iring jalan waktu kalo emg punya skil alam kerja nyari bukan nyari;A
tuju gus jadi buah kritika jadi suatu motivasi bangun negri;A
tuju gus muhaimin iskandar;A
tuju;A
tuju kritik masuk baik makin maju;A
alexis sanczhes main baik dunia retweet tuju;A
jujur tuju bgt baca narasi kayak namparr aku hahaha makas kak dhanii tco;A
ketik kalau tuju wony gemes banget;A
tuju asli;A
hi kak rdw bantu akun twitter mohon maaf kait bonus sudah balas tuju ingin tanya langsung via dm info detail nomor thanks;A
gue tuju orang rumah nerima makan salah tanya dulu gak beli makan trus driver biasa kan dulu pesan kak blablabla biar gk salah alamat tco tgbzucayiz;A
tuju gus terkadang kritik jadi kan motivasi depan;A
tuju gus muhaimin;A
surat tuju terima sign tak tanya kali;A
sangat tuju soal banyak org dlm tanda kutip malas kata rezeki udah ngatur mau keras apa tetep gin aja tutup kalo enggan laku progress kerja keras tuhan jadi beri rezeki upa ex sehat;A
tuju terorisme berantas ham jadi dalih yg lebih dulu harga hidup manusia;A
tuju;A
yup tuju mcm tgk drama turkey;A
tuju;A
tuju ni diam orang mention diam juburrr tco;A
siap tuju gus;A
ni tuju jangan normalize;A
mjb tuju gua;A
tuju sekali jalan tengah bijak moga jadi opsi selesai;A
tuju sii kadang sisi tuju alias kalau mau cemburu lo siapa;A
tuju g banyak ngeblok publik figur ga enak liat gua ngepost jek gitu buat apa;A
tuju banget jrit vocalnya merinding parah tco jbjlk;A
om ded jujur deh lama kerja utk bin kan bpk angkat om ded mantan ketua bin mungkin lama jasa bocor dunia hitam dunia artis teman komika oknum harga baik angkat jadi letkol tituler klo alas tuju om ded;A
tuju gus;A
woi serius laron makan ga mual;C
canda serius tco orshfjaluv;C
tags bxb college au local au fluff slice of life notes penggal kisah romansa sederhana jadi jangan ambil hati judul kurang s mohon maklum;C
serius siapa;C
anjir gue udah jarang bgt ngomong serius cuma gelitik ajaa sama bbrp ig mutuals gue pernah jadi coworker bahkan spv gue tuh tauu rasa kalo woyy brand company lo bom settle sisi manajerial tuh amburadul banget;C
tuhan aku benar benar ketemu buaya darat sekarang aku gabisa bedain mana cowo seriuscintasayang mana engak haha;C
mending beli live theme skz gak aku uda skz pfp nya uda beli ken beli live theme uang uda buat apa ken serius buat apa;C
serius ngeduluin char fav banget dulu soal shenhe buat complete team ayayaku moga kespook wanna hug tco jmode;C
nah;C
kuartal iii laba bri terbang besar year on year yoy karena bri serius terap esg kinerjabriq;C
drama pertama w latar raja drama buat w akhir nnton utqu gua gak drama raja krna trllu bnyk istilah raja bikin w pusing drama buat w gak trllu pusing sma istilah krna alur gak trllu serius tco;C
beneran dah mending tugas individu grup begini gapapa banget dah banyak mah bocah kelas ku banyak kalau urus tugas ga serius canda mulu ampe kagak kelar kelar dah tuh tco hmpqynucit;C
sama kadrun inti jgn terlalu tanggepin serius aja entar ikut jd kok;C
serius sini rasain stop samsat carrefour wkwk;C
ahy ungkap tiga masalah serius ri demokrats ahy pimpin ubah berjuangbarengahy tco;C
waktu mode serius troll teman bangsat tco ttdkguenzw;C
deh buat kakak kudm klo serius kak;C
gqmoty hadirrr coba hadiah udah tahun gue gak pernah pesan jiwa toast serius tco wxptodjo;C
serius lihat dah;C
tanya serius cara bungkus gimana sih newwiee legoxtaynew tco guohp;C
lho cari anak buah si oneng hehehe;C
kalo punya kucing aku gk benar laku mama tp coba masalah kamu lebih jaga sama hati hati sama kondisi kucing mama;C
hati hati;C
ajar nolak jgn takut sama siapa sama guru ppl;C
adek gua lebih nder kalo pasang behel makan hati hati banget dulu adek gua kalo makan apel gaboleh langsung gigit takut bracketnya nyangkut;C
hati mungkin selimut kelabu dingin panjang panjang jalan kenang singgah hati hati ayam enak makan jangan banyak kayak apa sih punya sendiri kan;C
mngerikan hati hati;C
jalan sayang planrathavit tco;C
deket hoon hyung ikut ngebughati hati tco xafjum;C
kavin nnti pas hati hati pulang yh;C
minum gelas kalau lepas pecah cinta hati selalu ikhlas cinta buta makan hati;C
hati hati jangan silap langkah;C
kadang mikirin aja udah bikin nang bangga banget sama koko rantau satu juang ga mudah nekat pergi jauh negeri orang kalo sampe nyakitin awas aje;C
hey u urat kenceng awas ledak;C
lee awas ye tandain luuu tco;C
iya disimpen awas kalo jadi pengganjel lemari;C
dik awas nyamuk masuk;C
awas aja kalo besok beneran jadi malem trs ngapain td nyamperin ambil ktp guwehhh;C
awas bang jali;C
ntar ganti pas irun update wkwk awas aja lama ilhoon;C
rokok mahal banget anying beli berapa cokelat nyesel nawarin ram marlboro awas u man pelit ma gua esse u gua ganti marlboro kane kan;C
nonton kece jagain ponakan kembar nih nder tp awas jgn kenceng volume tar km budeg tco jrnjudo;C
     joanna;C
awas kangen;C
ga bs nonton berak;C
awas terkam loh po gqmoty tco;C
awas aja ntar sifat plek ketiplek bapak wkwk;C
sakit nih tamira sama zack beneran sakit jiwa sampe gak penjara tahun awas aja lo anjirrr sakit lo;C
ih eyan awas surup;C
awas lo kalo sampe ngide bikin stage buat jet musuh aku hapus semua foto galeri tco;C
hduh awas sruduk banteng merah;C
yayyy awas galau pulang;C
?? halo, kalo line bisa nerima pesan tapi ga bisa kirim pesan itu kenapa ya? jadi di kita itu kekirim, tapi orang yang kita kirimi chat gabisa liat (chat kita ga kekirim);C
?? halo, boleh tanya ada yg tau cara jernihin/tajemin kamera pake apa ga ya? I'm using sumsang A32, pecah² kalo buat zoom in pas ngevideo. Thanks;C
?? halo gais, mau nanya ada yang pernah ke psikolog ga? kalo daerah jakarta dimana yaa? terus bisa pake bpjs ga? kalo bisa pake bpjs gimana caranya? makasih yaa hehe (titipan);C
"cw // gigi 

(titipan) Halo, adakah yang memiliki keluhan gigi seperti gambar terlampir? Seluruh perawatan dilakukan oleh koas di bawah pengawasan dokter gigi spesialis. Area jogja ya nanti saya dm, gratis ?? https://t.co/XwraW5wzVR";C
?? halo mentemen, disini ada yg punya small business dan butuh temen diskusi buat ngomongin bisnis? aku ada project untuk mendampingi umkm, jangka waktunya mulai minggu depan sampai minggu aku uas. mekanismenya gampang dan kaya diskusi ngobrol biasa aja perminggunya. yang (cont);C
"?? halo semuanya ada yg mau bantu isi survei buat tugasku ga?klo mau rep ya nanti aku dm &lt;3. makasihhh ????";C
"?? halo gais, aku boleh minta tolong utk bantuin isi kuesioner skripisi ku ga? kriteria nya ini:
1. usia 18 - 28th
2. sedang atau sudah bekerja
3. aktif menggunakan media sosial
kalau ada yg mau bantu isi, bisa rep aja yaa, nanti aku infoin form nya. thankyouu gais smoga (cont)";C
Halo gais, ingin meminta partisipasinya buat ngisi kuesioner ini untuk tugas penelitian. Makasih sebelumnya gais, be happy!! ?? https://t.co/puE0mHfqwe;C
?? nemu anak lucu di anon, klo lewat tl nya halo anak keciil, u masuk base nih! ?? https://t.co/EgqwHZ4P5p;C
?? Halo guys, spill au anime dong Tia! (Ti ti pan);C
?? ?? halo! umur ku 15 dengan tb 145. Kira kira masih ada kesempatan nggak ya buat tambah tinggi? batas nya kapan? ?? boleh bantu kasih tau tips, olahraga, atau makanan apa aja yang dibisa dilakuin buat tambah tinggi?;C
"halo temen-temen, aku lagi nyari responden buat penelitianku, kriterianya:
1. Usia 17-25 tahun 
2. Pernah belanja di live shopee
Ada yg bersedia bantu isi kuisionernya? Ada hadiah total 500k buat 10 orang beruntung!! linknya ada di rep yaa, thank you~ ??";C
"?? titipan
Halo ges ada yang pernah ngerasa burnout di tempat kerja ga? Jadi tiap berangkat bawaannya mau nangis terus, ngatasin stress kerja gitu gimana ya kalo dari kalian, makasih";C
"?? halo guys, ada yang pake laptop ini gak? minta review nya boleh? atau punya rekomendasi laptop 15"" under 10jt? https://t.co/i0OeVxvaD0";C
?? Halo... Ada yang mau bantu like youtube buat tugas sender? Yg mau blh tolong rep ya, nanti sender kirim. Thank you??;C
Halo tolong bantuan nya, (titipan) ?? https://t.co/mZv6ZtuyGn;C
?? halo, mau nanya dong, step sblm pake masker ini itu gimana ya yg bener? cuci muka dulu kah? atau pake micellar water aja? dan step setelah dibilas itu juga gimana ya? karna aku bingung, thank u https://t.co/mEf6UJMEbf;C
?? Halo guyss tolong rekomenin dong koper yang murmer tapi bagus dan awet?? kalo bisa yang ada di syopi yaa thank youu;E
"Gaiss malu bgt?? kan jaringan di rumahku tuh super duper lambat. Awalnya aku nyapa ""haloo kak"" tp pesan itu nggak kekirim kaya loading2 terus. Nah aku kirim pesan lagi ""halo kak ---"" langsung to the point intinya. Trs pas udh dijawab sama adminnya, eh pesan yg loading (cont) https://t.co/gJRXm3S4rQ";N
?? halo ada yg berkenan membantu tugas membuat pemograman php? tia!!!;C
benci bgt sm diri sendiri kalo lg moodswing gin;N
ngerjain tugas banyak kgk masuk akal tenaga gue lngsung abis rasa;N
izin ku benci sang ganti;N
ken ngobrol sama kucing aja capek ngobrol sama manusia;N
bosen banget;N
sekarang udh masa cape harap sama manusia mending harap sama allah aja hehe;N
gn everyone sleep well tco;E
aku cewe jg thankyou sebelumnyaa;A
i know ur not okay right now babe but remember that besok pas;C
nyadar orang paling aku butuhin nyata ngajarin aku buat ga butuhin siapa siapa;N
sender nang terus tetangga kost kamar jauh dr sender ngechat gin langsung henti soal kaget nyata kedengeran jauh tco lha;N
sok blagu tau bola katanyatiba jdi fans dadakanpdhl apa salah ak cmn nntn doang and ak ghibain k tmn nya fyi cowo salah yah akusmpe gin bgt pamer sw;N
hai buat kamu baca menfess sender cuman mau ngasih tau besok km bangkit semangat okay suatu semua bakal baik kamu bakal atas   you have done your best for today have a good rest;E
mun aku tahap depresi banget sama soal aku ga pernah ngerjain soal ide ga dapet banyak apa latih tetep aja ujung gabisa aku coba ajar awal tetep aja kalau ngerjain soal gabisa waktu aku cuma tinggal bulan aku gabisa cont;N
cowoku dulu pernah kegep ngepap cewe terus kemaren ngelike snapnya cewe jg punya cowo tp friendly siapa tu nguras tenaga bgt yaa;N
pikir w penuh banget ken dikeluarin gaada diajakin ngobrol takut kira oversharing ngeluh mulu;N
cape kerja buka hp lgsg nang tco;N
kepala berisik banget yaa;N
gais udah usaha baik tetep aja kurang;N
aku sama ex crushku aku move on beda kelompok buat pagelaran aku sama sama sama jadi keyboardist emang udah pro aku baru ajar jiwa competitive aku gamau kalah sama jadi aku pesimis takut jadi jelek;N
guys aku akhir gabisa nang kek nahan gitu pdhl aku sedih bgttt blm lega klo blm nang;N
pagi adik kakak om tante cing;E
ngerjain tugas gak buka google krn cuma punya kuota sosmed main twitter bilek tco nuazpvhnsw;N
guys rasa punya temen banyak gimana deh ak penasaraaannn;N
cowok temenku nanya sifat karakter temenku aku aku gatau jawab apa mending gimana ngeyel ken tau sifat cewenya aku aku udah bilang cari tau sendiri tetep ngeyel;N
gue jadi tempat cerita gua pendam banyak cerita ken gua ceritain gatau siapa ahaha;N
hai teman jangan tidur teman;C
gue katain jelek sama temen cowo gue emang tu anak satu;N
kacau kacau ngerjain tugas dengerin lagu cas;N
seruu bgtt tauu kalo misal smaa bestie ngobrol nya positif seruu engga ghibah n ga bicarain cowok doank;E
somg that make you miss the relationship you never had;N
i miss my almost lover engga kuat tadi nang;N
i feel so bad for my self;N
pagi semua;E
all met beraktifitas hari kamis bwat km yank manis tco myvvl;E
kata usaha enggak menghianati hasil nilai pas ku jelek banget padahal aku ajar sampe malem;N
semuaaa hari sender ulang tahun pas bgt uji doain smoga lancar yaa hv a nice day guyss;E
nyata laku positif suka yaa walaupun sederhana;A
cw tik tok ngeri org pinter disalahin mulu tco;N
iyh yh mrasa insekur tco;A
time to shinee hc haechanie wattayo kl taeil sm jungwoo ak mreka ngomong apa;E
classmeet buat apa coi mending libur;N
sedih kalo liat papa sender tiba tiba kena sakit stroke rasa kayak jadi cepet banget gak nyangka mau gimana semua udah jadi nerima kan;N
hari sabtu lama banget udah muak sama pas;N
haloo no salty tp aku mau nanya sini pake ip pro aku mau beyi tp maju mundur kata cepet panas tp aku mau denger langsung penggunanyaa kalau kasi saran baik aku beyi ip pro segi tahan lama cont;O
berapa tahun d makasih banyaaak maaf kalo kata salah yaaah;O
ngilangin kuning tas tuh gimana sih guyss tas bahan kaya kain gitu;O
cwe under liat ootdnya liat tinggi sender nyari referensi;O
gin padahal udah diupdate tco;O
met jgn mam bnyk;E
kasih saran dong gimana biar ngejauh ga chat mulu sama minta main jujur bapek engga risih iya;O
au inggris ga spill;O
mi ni mal li ma ka ta tco qaz;O
klo baca buku inggris ningkatin skill tulis ga sebener nya baca nya nulis nya ga;O
pagi enak galau tco iwpdhvdywo;O
kalian pas brp hari guys;O
komplot begal tco;O
barusan gempa guys stay safe semua;C
gempa ga sih;O
rekomendasi bento cake lucu dong;O
bikin corat coret punya qr code brush ibis warna auto gradasi gitu gaakk tia;O
saran timbang digital badan kalian pake ngga mudah error dong guys punya sender baru pakai bulan dah error mau gantiii terus mending baterai usb;O
dengerin oceans engines nya nik buah seni galau diri;N
suka sebel ga sm org ngomong tuh lelet gitu kata per kata jd emosi sndiri;N
when you lost someone bingung mau ceritain random siapa bingung mau kirim foto sama video kucing lucu siapa mau kirim orang i already annoying to him d;N
gempa asa sampe depok ga si gais;O
mau bantuin isi padlet ultah buat temenku ngga beda kota ni gabisa ngasih surprise langsung klo mau aku dm linknya jangan open dm makasii;O
bnrnya jg tco;A
guys bahasa inggris jadi lebih siap uji apa yaaa;O
aku make concealer somethinc shade sand kalo esqa shade truffle apa pancake yah ken ganti soal heheheh;O
seru terus bagus bangeeet nyesel baru nonton saranin sejening gin dong nyata seru nonton orang pinter sharing sharing tco xvilxyfznf;E
orang ngatur admin serah adminnya lah mau ngapain twitter semua bebas gua sendiri ngga peduli kalau mrpk strategi partai biar pilih milu krn adminnya emang asik kok tco hahymxrtsh;O
ciwi ciwi kalian workout kalo red days hari workout ga libur dulu;O
leeseo ive mirip jedar apa gue doang ngerasa;O
halo aku mau tanyaaku udah sakit pinggang kiri bawah bulan sakit sampe kaki chat halodoc kata kena saraf tp kemarin konsul klinik tes urine ktnya infeksi salur kemihmau tnya kalo infeksi salur kemih smpe sakit kaki kahmungkin sini cont;O
dokter tau mslh kaki sakit bgt rasa;O
sick and tired;N
tangan kalian pernah gksih gatel kek gatelnya klo garuk jd agk panas gtu pls help gimana biar ga gatel lg btw jd agk lenting gtu dikit tco uokte;O
guys kira bagus mana buat anak sma biar sampe kuliah rekomendasi terima kasih tco dunw;O
cara biar twit tulis kayak gitu gimana tco flpxngskeg;O
mau nonton dimanaaa tco aakjrgycmk;O
tbtb pikir tahun kemaren ak ganti chairmate sampe kali dlm tahun apa aku bikin gnyaman chairmate akhir tu ky paksa karna mau naik kls abis naik kls lgsg pindah sekolah;N
self rewardku tiap minggu pas sabtu naik ojol biar cepet sampe rumah biasa macet an naik angkut umum kalau kalian;O
gais mau nanya kucing jamur gimana btw meng sekolah tco ypigvtclyp;O
dongg hehe tia tco;O
iri iri iri iri iri iri iri iri;N
sekarang apa apa kaya standar cantik chindo sender jalan sama temen cowo ngomongin chindo sama sama;O
mwt https tco fjq;E
mau tanya dong kalian umur pake skincare dr gak dipake org dewasa gas formula nya ngaruh kulit ga terimakasih;O
sender bu rencana mau jual kira jual apa banyak minat tia;O
orang ga pernah pacar tbtb pagiini ad blg kamu milik aku gwe hrus apa;O
rill tco;O
titip tolongin guys gimana tco;O
guys mau nanya kalo mau buat atm mandiri tuh kudu nginstal app livin dulu ga usah bank dulu kalo uda daftar baru bank nya emang gitu;O
pliss tolongin senderr panik bgt huhuu jadi aku kan bikin surat confess gtu crushku nah sender abis mandi cari tu surat g curiga baca kakak ortu aku mesti gimana ntarrr;O
classmeet mending turu rumah;N
aneh gak tco dydkkwbhdx;O
abis debat ama ortu perkara uang aku baru kasih uang bilang ngga syukur padahal aku butuh udah bulan lalu bilang ngga tau diri lah padahal udah telat banget ngasih uang udahlah cape aku jadi anggur disalahin mulu ngga cont;N
protes;N
bantuin sender nyari desain tunik simpel buat jahit dong bentar udah disuru motong kain tpi sender dapet inspirasi;O
how to speak fluent english serious answer only a thread;O
sgt kece bkan tco tjwxfb;E
mau nanya kan kata jaring mau mati ganti kartu gimana benar mati jaring internet kartu;O
saran gais tco jrf;O
capek tau tco vfi;N
cw rp roleplayer guys is it okay if i use kim garam ex le sserafim for my chara i miss her;O
aku bukan mau ikut aku erti ekonomi keluarga;C
cw food jadi sender beli ayam md kemarin soal pingin makan kriuk rencana makan nah hari kulit melempem cara biar balikin kriuk kriuknya gmn thankyou;O
iya soal aku ngga kerja suruh rumah aja kaka aku nganggur lebih tahun tetep kasih uang saku ngga nuntasin skripsi aku minta uang buat bootcamp sama beli laci buat baju lebih rumah biar ngga beranta apa daya cont;A
ngga jadi debat deh urus ama ortu aku skripsi dulu nyari duit sendiri emang cuma aku magadir rumah udah ngga kerja ngga minta uang emang pantes kok disaltyin aku tco todsqzdtbp;O
hari kamis tco inidyz;O
guys kirim foto ktm buat jadi timses cakabem aman ga sih takut wkwk;O
cuci piring kerja rumah paporit akuhh ceunah tco;O
dri kmarin guru gue kgk masuk kelass mlu dhh dri ampe pulang sekolah jamkos mulu;N
ttd digital terus stempel gak apa ttd basaah;O
tutup akhir tahun mau sharing dong apa masalah berat umur kalian sekarang bagaimana kalian keluar masalah sebut apa hikmah balik semua mungkin jadi ajar buat sender lain cont;O
makasih udah tahan jauh yaa kamu hebat terima kasih;E
kalian pernah ga sih kalo ngerjain soal tuh ga pd sama jawab sendiri padahal bener poko ngeliat jawab orang paling pinter kelas dulu baru lega jadi kaya gantung gitu;O
halo minta saran pilihin buku sini sender bingung mau milih kado ultah buat diri sendiri bulan depan kalau pernah baca jg kasih ripiu nya makasih https tco dprbero;O
kalo mau malang enak bawa budget berapa exclude inap soal rumah nenek;O
knp sptfy malah gak munc lirik pdhl update putar lagu lirik;O
misal temen sender post tiktok trs likes gak sender liat siapa aja like video kaya ig gt sori gaptek baru;O
duduk antri puskesmas trs cewe liatin terus apa samperin aja terus colok mata;O
udah ngegacha kali td gacha sekali yay nay;O
drop last chat with your mom;O
kelas gue dengerin lagu pake speaker ketawa gebrak meja teriak teriak rameee bangett ampe pusing dengernya;O
mau ngasih ig aku mutual lawan jenis udh lama kenal lama kok takut aku gendut gak cakep takut illfeel trs gamau teman lg sama sender;N
dilakukam orang tua profesional tco yfufkccdj;O
beda senar gitar nikel ukur sama asa banget ga soal gitar putus mau beli ofc store tinggal ukur pas browsing banyak nyaranin ukur aku mula btw;O
kalian punya kenang apa waktu usia tahun kalo sender nang gara rebut pop icebasreng sama abang btw bantu upp yukk anak susah buat dar makan sekolah tco;O
ken cpt lulus sekolahhh gue udah muakk bgt ketemu orang ituu aaakkkh benci bgt;N
cara hilang ngantuk tidur apa;O
halo kenan bantu like postan tugas aku ig aku dm thank uu;O
risih dichat gin nomor ga kenal emg nomor wa kalo beli olshop sebar jaman sekarang tco;N
meme gambar kucing dong guys tia;O
sender tugas pkwu bikin undang nah sender bingung mau kasi nama siapa mempelai kasih saran dong nama bagus nan estetik cwo cwe;O
cw luka minggu lalu kaki kena knalpot motor so far ga aku kasih apa apaa trs tbtb gelembung air nya gelembung air pecah kena gesek celana trs jadi kaya pict gatel bgt dipakein salep obat apa tco zxlvzt;O
clinic barcode nya udah ready;O
hi gimana hari;E
mau nanya dong face id dipake buat ngelock galeri gas jd kalo mau buka galeri photos pake face id gitu tco jegaykqz;O
ayo beri tau aku masukin lagu rock apa tco;O
gais download jurnal internasional gratis tu dmna yaa butuh bngt buat tugas uas huhuhu;O
apple music aku kan abis lama kalo aku masukin redeemcode bakal angus ga tco iqxwq;O
cinta cinta alas;O
siapa tahu ken nyimpen tco var;O
minta bantu gais paham per burung biru tco;O
kalian nonton ga tco;O
gais sender udah kelas sma punya skincare rutin mauuu bgt skincarean buat sehat kulit pake ss fw mz selalu jerawat detox emang ga cocok yaa beberapa hri udah pake fw garnier scrub muncul jerawat cont;N
kalian saran produk pas biasa dipake makasih banyak;O
nonton piala dunia dimanaa yow;O
mantan pernah dedikasiin lagu dawin dessert buat gue apa muka gue lihat kotak wadah bittersweet;N
yt bahas soal dunia pararel ga sih klo bahas nntn gtuan bgt pdhl percaya ga percaya wkwk;O
kalian bakal isi berapa tco;O
kalian aku wajar ngga sih kadang marah bt kalau tinggal tidur sama pacar masalah uda sering banget kadang hari tidur emang pelor sih aku awal oke cuma waktu aku lg feeling down aku butuh kadang cont;O
ngga krn tidur jadi aku feeling lonely kalau aku mau marah aku ngerasa gaenak;N
kalo ngetweet komunitas terus jbjb masuk mentab gak;O
peta topografi tuh sama aja kyak peta miring lereng ga sih;O
terkadang ketidaktahuan tetap jadi ketidaktahuan;O
mau meme kepala ledak gak;O
spotify error;O
at a payphone;O
ajar nguasain materi gw selalu ridi ulang tco bnlgtn;N
kalo gaada uang ga punya temen deket mau pulang waktu habis jalan jam nunggu kelas ngapain enak sender udah bosen nongkrong depan indomaret pustaka bosen tco rogibddbnu;O
aku hari ultah;O
forget to drink water guys aku ku kerja jam paling minum tuh teguk aja dlm hari kadang malah gak liat minum sama sekali imun gak kuat jd sakit;C
basreng kantin sekolah gueee enakkk bangettt garing pas engga keras rasa daun jeruk nya asa tco ibrquc;E
yah nama hidup kadang kidding;N
baru tau whatsapp sekarang avatarnya tco;E
panggil ky gin tu darimana apa modus tipu baru tadi telpon nomerku terus tco;O
solo trip jogja wdyt aku cewe;O
jjur ak gedeg bgt sm orang kerja gk sbrapa tp istirahat lama bgt kek soal ak bayar pake berlian ni maap maap aje trus kalo ak telat ngasi kerja gamau panjang jam kerja nya tco rdvu;N
tunjukkin chat nice try kalian dong ken liat teman juang ku;O
please help me choose tia tco oal;E
cara nyari info magang dmn;O
kertas biasa nemu yaa;O
w kan beliii sikat bulu mata yhaaa trs dateng banyak tuh emg pake lgsg buang apa gmana tco btas;O
gais blackpink teh punya lagu bahasa sunda temen aku denger musik meuni heboh make handsfree pas aku tanya denger musik apa bilang blackpink judulna ti pager;O
gua m dighosting sama f padahal udah deket bulan an f pernah ngeghosting sini kalo izin aku ketuk dm nya ken cerita sama nanya insight terima kasihh;O
kalian ga udah ga minat sama banyak kayak udah capek aja gitu;O
emang mia khalifa beneran udah tobat;O
mau suprise temenku virtual kata kalian cuekin hari pas ucapin ultahnya gimana gais no zoom gmeet yaa;O
klian pake moist sk ngame ngga buat ngurangin bruntusan sender maju mundur mw beli makasii;O
cara biar smngtt idup gmn yahh loyo bgtt asa;N
baru tau spotify lirik di translate bahasa indonesia tco;O
mau pict se vibe sama dongg tco cus;O
guys meme jenis gin dong tco xlpguxpt;O
ken survei rerata usia folls convo kalian tahun usia berapa;O
game offline seru apa aja guis;O
mo tanya aja kalian pernah gak ngerasa sama orang siapa pacar bestie kalian ngerasa jadi banyak baik dateng kalian gk selalu kyk aja gitu baik jadi bilang life savior lebih sih cuman kek gatau cont;O
dakh knp yh;N
aku rencana mau be yi hp bingung ip mini kalo make ip mini liat mirror selfienya ga aku mau bandingin soal makasihh;O
reapply sunscreen ga cuci muka dlu gpp;O
akun nya ijo bantu tag joelwafies tia;O
kl buat nugas kira jajan apa indoapril saran tia;O
kalian pernah ga sih nemu orang kaya gin jadi si a punya pacar si b punya pacar si a sama si b macam fwban kalau begini tuh kok;O
ges kl order mekdi mesin pake voucher app ga sih kl cara gmn;O
kalo ngelike playlist orang tau ga;O
guys inituh app spotitats kalo aku click delete my account app spotify bakal tia tco vzk;O
pas liat nilai jelek pas tau kelas ridi semua tco;E
rekomendasiin kuliner malang dong mau aku masukin list buat libur kesana;O
tato lutut sakit bgt gak;O
hai sini tiktok affilate kalo mau tanya dong aku mau coba tiktok affilate aku new bie;O
matmin sama gk ridi sama tco;O
klean nyalain notif mutual ga sini sejak kapan kalo berani tag dong orang;O
guyss kan aku tugasnah nilai nya liat dr like dipostingnya jadi mau minta bantu like nyaa link nya aku share by dm yaaa tia;O
guys aku kaget bgt nyata aku lama jadi selingkuhannyaa wkwkwk udh pcran sm cweknya hampir lebih ngaku jomblo pdhl pas aku stalk ignya haeduh gws buat cwok skrng jahat bangett lngsng aku cut off blokir semua;N
markicob unik apa sih sampe rekomendasi tco cjnl;O
pake smartfren sinyal nya tiba hilang ga kaya gin padahal tadi aman aja gitu tco;O
guys pernah gin gak kalo wifi nya matiin langsung gk jaring gilir aktifin wifinya sinyal tpi logo telpon gitu cara benerinnya gimana tco;O
minta saran jadi orang asyik selalu rame jb jb in dong;O
ga penting sih tp ni aku mau confess cowo gais mau baca ga aku ken tau kalo orang baca gmn bantu revisi mau ntar aku dm;O
enak main apa yak;O
januari besok tahun aku pake hp pas banget ultah aku jg enak upgrade ga kalian biasa upgrade handphone brp tahun sekali;O
haloo jadi sender baru aja gak sengaja ngehapus semua foto file penting hp permanen cara biar dibalikin gimana plss pusing banget;O
tetep semangat tengah gempur sempro semhas tco gdfce;E
halloo mau bantu ucapin wish padlet buat ultah temenku ga;O
wta nonton film me before you legal mana tia;O
rekomendasi lipbalm warna bibir dongg thx yaa;O
sate pas trnyata sgt enak aku beli dapet tusuk tco;O
wajar gas aku marah sepupu aku soal make barang barang enak bilang aku marah malah bilang lebay pelit;N
kalian pernah ngalamin gasih kalo tiap selalu mual gitu cuma beberapa menit aja ya btw aku nikah ga ngapa;O
guyss kemaren kan w format kartu sd gara ga mindahin file terus abis w format tu kartu sd w ga mau muncul hp pdhl udah w restart hpnya kira;O
ss clinic barcode nya udah ready;O
sakit perut mulu gak sih;O
intinya kalian hati-hati ya guys, btw yang soal cerita penculikan dari bocil itu valid guys, soalnya nyokap sempet mastiin ke ketua rt dan ternyata beneran, jujur serem zaman sekarang ?? https://t.co/ZbyutTHIFl;C
?? CIAHHH dibisikin “hati hati” waktu papasan di jalan pulang aja salting brutalllll WKWKWKWKWK dasar aku;C
?? guys hati-hati ya, sender hampir aja kena tipu dari akun bodong yang nyamar gojek. kalian kalau mau nyampaiin keluhan lihat dulu ya akunnya official atau enggak takutnya nanti kejadian kayak sender hampir kena tipu dari akun @/4soundis4ounds https://t.co/VBBDoq7xlT;C
guys kalian yang suka komentarin mereka mulai sekarang harus lebih hati-hati ya. soalnya kemaren sempet baca gitu, katanya kalo kita nyerang rizky billar dan lesti ngomentari hidup dia mau dicari siapa yang cinta pada nabinya pasti bahagia dalam hidupnya. ??;C
?? bikin planner ternyata seru juga ya, kalian harus cobain deh, jadi semangat untuk ngikutin jadwalnya ???? https://t.co/N6zkWxmFoO;E
?? rakyat kelas 12 apakah kalian masih semangat??? sender uda lemezzz bgtzz soalnya;E
"titipan

minta semangat nya yaa ?? https://t.co/2RmyCwt0yv";E
"?? kalau ada edaran vaksin ataupun imunisasi semangat banget, soalnya suka disuntik ?? 
Siapa yang suka jugaaaa???? ?? https://t.co/TtkwWJXDxU";E
?? Selamat pagi ya guys, semoga hari ini aku dan kalian dilancarkan segala urusan dan rejekinya. Amiin . Ayok semangat ??;E
?? tolong kasih semangat buat aku dong, soalnya baru 1 februari udah gini aja, ldr emg sesusah itu ya?  ?? https://t.co/TWdDFRp7Y5;E
?? pagii semoga kegiatan hari ini berjalan lancar hehehe, semangat ya??;E
sender udah kuliah, tapi random kangen sama notif ltmpt deh, soalnya dulu notif ltmpt selalu dinyalain biar engga ketinggalan info. bahkan sender matiin itu notif pas udah kuliah, karena lupa bukan anak sekolah lagii, btw semangat ya adik-adik pejuang ptn ??;E
?? Januari tahun ini dah mau habis aja dan masih belom ada pergerakan, semoga bulan berikut nya kita lebih ada kemajuan dr ini yah, semangat https://t.co/SkvtJDVeSd;E
?? semangat sayang!;E
?? tips kerja bidang cs biar ga gila dong guys. Sebenernya emang resiko kok ketemu cust aneh dan rude atau bahkan jahat tuh. Tapi mereka kenapa ya kayak gitu?? orang mah berlomba2 nabung pahala, mereka malah semangat nabung dosa. Your attitude shows your quality as human (cont);E
?? nangis soalnya temenku hari ini pamit keluar kerja haha aku sendirian lagi padahal dia baik banget sama aku pls ga rela tapi gimana lagi :( jadi ga semangat kalo kerja lagi ga kek dulu;E
?? Tolong kasih semangat dong sender lg  period ini sumpah perut sama pinggang belakang sudah gx karuan ??  tp harua tetep kuat buat kerja + belajar. Sender jomblo jd minta semangatnya disini??;E
bismillah, rezeki ga akan kemana. semangat guys!! ??;E
?? Semoga hari Senin mu semangat https://t.co/qAB5fEFr2E;E
?? denger ortu ribut pas lagi sholat subuh is another level of pain, skrng jadi gak semangat buat sekolah pls :(;E
?? semangat buat semuanya, jangan lupa sarapan sama minum air putih yg cukup ya. have a nice day fellas ????;E
selamat sahur buat yg puasa, semangat puasanya, semangat juga buat hari ini. semoga dilancarkan harinya yaa ??;E
?? tolong beri sender semangat agar tidak mengumpat pada teman sekelompok sender yang suruh cari materi trs beneran ngirim materi copasan dari google yg bener² copas dan acak²an giliran disuruh perbaiki malah ga aktif WAnya ????;E
Kita lagi ga ngobrol bukan berarti kita asing, melainkan masing-masing dari kita mempunyai tanggung jawab yang harus di selesaikan. Tetap semangat ya~ suatu saat kita ngobrol canda tawa lagi, i still waiting for it ??;E
