,finale,sentiment
0,mending beli banyak buku punya rak buku beli rak buku buku nya dikit,C
1,mana cocok tonton sama pacar saran movie romance manis ga too much terus lucu gituu makasiii tco ltnfomz,C
2,saran kado ultah buat ayah dong benda makan jangan manis tia,C
3,bantu pilihin dong mending ngecat kamar pasang wallpaper lihat segi budget keriwehan thank u,C
4,nanya dong kalian kalo ngetweet rant nyambat gitu mutual reply dibales ga trus kalo ngereply kamu bales jujur kaya gapapa aku bingung soal aku ga harap sambat reply sama moots ga enak kalo ga dibales,C
5,gak garam mau nanya aku liat yt pl prem an kok luar jadi an bawah gitu yaa aman ga yaa tia,C
6,guys mending co skinker skg karna payday apa tunggu diskon bnyk mana guys,C
7,kalau kuis terus sempat kali nah kira ambil nilai paling tinggi rata yaa sender mo ngulang cuma gatau salah takut ulang malah nambah kecil,C
8,ngecrushin org krnh formalitas nggk ap ap kan takut tmn sender mikirnya sender cmn cwo fiksi ama cwo kpop doang pdhl mah iyaa t i t i p a n,C
9,aku baru mau alih korean skincare kalian mending nyoba set cosrx thank u tco,C
10,charger kalau dipake jadi rusak ga sih rumah semua hp pake chargeran aku soal mau blg ga sangka pelit ntar serba salah,C
11,aku kan punya banyak file drakor laptop terus aku hapusin waktu recycle bin aku hapus permanen niat storage laptop aku balik mula sblm ak download drakornya kok ga pengaruh storage aku tetep stuck angka aja cont,C
12,cw luka merah merah guys mau tanyaa orang kena asam urat tuh kalo kambuh kaki sampe merah gosong gitu bokap ku asam urat tiap kambuh selalu merah gitu kaki skrng tuh merah nya bener merah bahkan betis depan sampe cont,C
13,kayak gosong gitu udh hari ga kunjung ilang merah padahal biasa hari udah ilang gapapa kan tahap wajar kan,C
14,mau tanya gais suhu badan normal ngga,C
15,kalau puasa terus bersihin gigi pake lidah bikin batal gak aku gak sadar bersihin baru mikir batal apa nda gitu,C
16,guys mau nanya kalo pake pln pascabayar arti pakai bulan september aku lunasin bayar bulan oktober kan erti bener gak,C
17,cw kulit muka kulit wajah kulit terlupas kelupas aku rutin pake skinker baru nyoba sih pemakain minggu kulit muka ku jd kelupas gin wajar ga si ga gatel efek sih atau krn cocok makasih https tco myazel,C
18,tw mentioning sexual harassment leceh seksual seriously asking cewek kalau rumah sendiri pake kaos lengan pendek celana paha boxer celana pendek hotpants gak salah kan wajar kan kalau misal pas pake pakai kayak gitu terus cont,C
19,jadi leceh bukan salah pakai kan apa kalau teras rumah ganti pakai tutup dulu,C
20,maen game landlord sim gak mau nnya dong pls ak bingung bgt bangun belah mana mau bikin tp bingung lahan nyaa ga tanda tco opix,C
21,kalian pihak pro kontra kalo anak ngelakuin salah orang tua hukum cara henti uang saku nya,C
22,guysss sorry mau nanya karna ga nemu jawab battery health aku ngurangin dlm waktu bulan aman ga sih emg cuma ngurangin cuma efek emg jd boros bgt sih jadi batrenyaa,C
23,guys mau tanyaa jadi laptop microsoft hilang kalo diinstal ulang kang service ngga microsoft,C
24,guys aku kan barang track order apknya tuh stuck jakarta doang tgl pas chat j n t nya paket aku malah bolak balik gin gimana butuh bgt barang tco,C
25,sorry gais mau nanya detail activity gdrive tuh gabisa hapus gaenak bgt liat nama aku ngespam gitu sana di liat sama orang gak si plis kalo malu bgt,C
26,memori hp aku penuh bangettt kdang sampe tinggal mending filenya pindah gdrive apa laptop,C
27,kalau peluang diizinin nonton konser ga diizinin n diceramahin abcdxyz mending ttp nyoba izin yaudah terima ga usah nonton tp pgn nonton all akomodasitiket pake uang sendiri jgn saranin ga usah izin soal ak dr luar jkt takud knp,C
28,sender mau ajak tabib dipijet biar mata sender ga minus kira sender hrs stuju engga,C
29,saran merk powerbank oke buat konser dong sama klo kapasitas biasa berat bgt ga hpku ip makasih udah saranin,C
30,iphone pro max or iphone,C
31,kalian kalau makan rambut nenen tim mana a kerupuk doang b gula doang c kerupuk gula mkan bareng d kerupuk gula pisah e jawab tco iaqtqjircf,C
32,aku lg mau bellli ip second enak nanya aku bingung,C
33,guys kalian paket ind sat tuh kalau bel paket murah tuh mana sender ken beli cuman gb hari ga nya hari tia,C
34,makan mie yes no,C
35,guysss jadi mata minus silinder kanan kiri ga terlalu ganggu sebenernya lebih baik pake kacamata apa ngga,C
36,mending mana guys klo punya revi dong tco udjvuoqw,C
37,haloo temen temen sini make in ear monitor gak rekomendasi sama reviewnya terima kasih,C
38,baik waktu baterai sisa berapa persen jaga baterai health hp,C
39,buka rek baru bc expresi ngga buku tabung worth it ngga,C
40,aku baru pertama kali belanja socolla jadi gatau barang nya otw klik konfirmasi pesan klik nya pas barang nya udah tco,C
41,aku jadi sie acara buat bikin yearbook mending ambil rundown apa tema terus,C
42,wanita muslim kalau lelaki datang rumah ngajak kalian mau gak posisi kalian single kalo mau apa buat kalian mau,C
43,kalian kalo nawar gin gimana wajar ngga btw tco lkar,C
44,enak gmn klo ganti apk tu kesan rugi bgt aku soal gapernah makek tco,C
45,mau nanya kalo biaya cek sehat rs tuh brp ken nyoba periksa dulu pernah bikin surat sehat rs screening kata gejala aritmia ken coba cek takut mahal,C
46,ig udah aman bom yak,C
47,kira kalo mau pisah mana minum mana minum malem tco omb,C
48,tidur pake headset takut budeg,C
49,kalian kalo aku kasih hadiah korek cowoku gpp malah lihat dukung ngeroko pinjem korek temennya buat ngeroko aku tadi nemu korek lucu niat mau kasih biar ga minjem minjem wdyt,C
50,guys help dong mau jual barang mending lz sp or tp gampang,C
51,sender kelas sma sekarang jurus ipa sebenernya terus mau masuk psikologi saranin sender ga sender apa mungkin ajar kayak gimana kalo kalo linjur gitu,C
52,misal instagram privateterus nge tag orang instastory sana ga nge follback bisa nge liat ga yah,C
53,buat xl mau tnya dong sender kuota data tp pas liat ada harga murah kalo sender beli paket data data belum bakal ilang ga tco,C
54,guys pernah beli ngl link prem gak ditampilin username nya tipe hp nya doang yah valid gak data,C
55,tanya dong emang twitt update jelek se mau update takut jelek bgt kalo ga update ga login baru,C
56,guys kan mastip nya kurang bulan kalau misal beli kuota buat bulan gak sih nambah mastip beli pulsa dulu btw kartu xl tco qqvjm,C
57,buka ig skrg aman ga sih sender blm buka ig semalem mau buka takut ilang huhuu,C
58,guys udah aman kalo buka ig,C
59,i g udah aman mau buka tp takut,C
60,kurang rangin deh share base isi aplikasi belah sw temen orang dekat kalau izin cf instagram buat nyari temen julid base,C
61,halo pejuanguny gimana nih siap buat masuk uny hmmm aku sih yakin kamu udah ajar biar nama jadi salah satu nama dapet kata umum snbp snbt sm tetap semangat giat ajar tco qlycu,E
62,halo ming barang kali mau baca au drpn rem tco xyrzsrfxfp,E
63,vit sini halo pieee,E
64,halo hyung bonbon tco yonronrxoa,E
65,halo sender izin aju diri betul rasa cocok kriteria kamu cari punya m rk he seung side face claim worry not confident about my ability to potray them tipe pacar bubbly talkative playful,E
66,halo bencana bot lapor dampak gempa sila balas gempa tco bhue,E
67,halo kak mamen kak temenna ngebully ak terus tco,E
68,halo nder sila,E
69,halo semua aku kangenkesiniiwh,E
70,aw kaget halo meng,E
71,halo tidak tambah nomor anggota kuota akrab padahal kuota susah masuk tdk sesuai kuota tera kurang tco ckizsskhos,E
72,halo mayy dah males main twt aku hiks,E
73,gundul halo dek,E
74,ic halo yg mau jajan warunganime warunghq warunghaikyuu tco,E
75,posisi jejer ro cacing nk wes munggah tak halo singsemangat,E
76,kan ndek video klip e js double punch kui basement parkir to ahahaha cuman jokes btw dikomen sama sik featuring sama js lagu double punch nih halo,E
77,halo sender kalau memang mungkin nyangkut aja bukan arti kamu ga baik kurang ya jadi ga perlu bagai ayo semangat sampai woah akhir kaya gitu semangat sender,E
78,halo bias kamu siapa fromis,E
79,baik ulang halo lebih milih matcha ketimbang taro,E
80,halo gimanaa yaa,E
81,halo sedia jasa gestun spaylater krediv indodana gopaylater bisa langsung cair after co fastrespon langsung wa tera bio tco vshorkeshr tco rzaifzjo,E
82,halo mau jastip war tiket aurora bgt nih aku bantu langsung dm aja,E
83,halo mbak nana,E
84,halo ganteng tco,E
85,halo kakak baru rilis single temenan sekali join notre yu kak ct nya lucu semua jamin bikin kakak nyaman tco tco ffbkh,E
86,piksen ijo apa abu bebas sing penting halo dek,E
87,halo tania aku videographer jkt silah lihat tco budget diobrolin hehe,E
88,malem minggu halo bulan,E
89,halo halo gimana hari bro cakra,E
90,cardigan rajut bujang nct halo gaes aku mau rekomendasiin cardigan rajut biar sama sama bujang nct shopeehaul cardigan shopeeaffiliate shopeehaul koreanstyle racunshopee racunshopeemurah zonauang butuhuang nct jaemin jeno jaehyun taeyong tco orot,E
91,halo kak cdm thank you,E
92,halo jisung,E
93,halo sayang tco,E
94,halo halo hai ga apdol rasa kalo gak miror selfie wc tco kkchljselx,E
95,halo bang,E
96,halo bencana bot lapor dampak gempa sila balas gempa tco ctczqzdrkf,E
97,halo gaes tau gak sih kalo bank bangga semua catat kerja gemilang loh keren banget yakan kinerjabriq,E
98,halo evan,E
99,halo sering interaksi maaf wkwk gua kasih ava biru,E
100,halo kak aku noleh ga titip mf zoofess,E
101,halo dek,E
102,halo mau ikut arisan get hari aku jelasin detail nya dm komen aja yaa zonajajan zonauang,E
103,halo min mau tanya klo purwokerto purbalingga naik terminal bulupitu ga naik halte seperti halte rajawali,E
104,halo kak jangan nyeret terimakasih matiin ritwit aku tco yzxktls,E
105,halo ka febii makas banyak atas baik yaa moga kamu selalu limpah rezeki kebahagian i hope christmas this year will be the best christmas for you sekali terimakasih ka forget to stay hydrated yaa tco,E
106,halo kak aku mau ngucapin makasih bnyak buat kaka tribune udh ngadain ga terima kasih mau bahagia buat temen carat smoga rezeki nya ngalir terus sehat selalu bahagia selalu moga kaka nya notice bias nya masing tco ajyj,E
107,halo kak aku open sharing gramdig fiksi fullprem asi lit sewa google play books lagi lohhh tco uvnlf,E
108,halo kak aku gak titip mf zoofess,E
109,halo kak aku open sharing gramdig fiksi fullprem asi lit sewa google play books lagi lohhh tco uvnlf,E
110,halo cuman fiksi abai typo timestamp btw kayak masuk short au soalmya hshshs enjoy,E
111,halo nero long time no see kamu apa kabar,E
112,cuaca ngga tanya apa kabar sudah tak dengar telinga baik baik masa lalu,E
113,kagok banget perform deketan sama pas kabar jin keluar group denger kabar sih krn tau pcrn tp gak bukti foto ato apa nes cuma edar knetz aja apa i wish the best for jinni,E
114,apa kabar,E
115,astaga apa kabar gue pas exo debut gue smp skrng umur udah empat abad,E
116,apa kabar ngatain ksj banci karna ga wamil,E
117,alhamdulillah kabar baaaik mei apa kabs nich,E
118,hi bang dragaz apa kabar,E
119,anak apa kabar sehat udah berapa lama nganggurnya saran usaha keren gaji tinggi masuk ga braw,E
120,ganteng apa kabar makan banyakkk,E
121,baru kli dibilangin cari cuan sini apa kabar sama grup ntah berapa kali sering kesini nonton video jangan goreng tco ylnwjmk,E
122,tinggal bias out grup udah tinggal bias nikah udah tinggal bias tinggal udah hati apa kabar wkwkwk moga sekarang baik baik aja,E
123,hihu hihu apa kabar gin dulu aja lah alon alon asal lakon yoi gitu aja thanks for reading see you on the next update tco wssu,E
124,hi bang jek apa kabar,E
125,miss u too bebi apa kabar,E
126,arti gilir inisiatif nanyain kabar gimana udah dapet baru apa balika ama lama,E
127,bang kaidan apa kabar,E
128,life apa kabar bandung hihi aku lega rasa nonton tangis air mata walaupun dikit gapapalah penting sekarang aku hehe mungkin ikhlas mungkin aku lebih rela tco ldr,E
129,apa kabar juniordanyw,E
130,iyanih fitur ig gue bales chatnya dosen gue bgst gue kira nanya gue apa kabar anjinggg,E
131,cakap remaja perempuan buah warung a gua th th b lah iya yah asa tua bgt gua gua apa kabar ajg kalo th asa tua,E
132,au si rifan apa kabar min,E
133,hari chat sok tanya kabar trs ujung bilang kalo diri sombong wkwkwk lucu bgt malah ngatain dahal apa sombong sy klo km muncul lg dengn chat gin tuh jd inget kelakuanmuu aku mau hps kontak jg ntar dulu deh kyknya blm waktu tepat,E
134,wkwkwk bul apa kabar dah move on blm,E
135,apa kabar kak juniordanyw,E
136,huni kapal bluesy apa kabar tco egtu,E
137,emang kenapeee malah lebih dr mau bilang rakus apa kabar,E
138,apa kabar notaris ppat iship taun ga gaji,E
139,haloo apa kabar,E
140,assalamualaikum lambung apa kabar sehat,E
141,hi bang gavin apa kabar,E
142,neira apa kabar,E
143,hello fems apa kabar moga sehat yaa fvlog udah tayang nih fems vlog kali bakal nunjukin seru lama short trip loh wah ngapain aja langsung cek link bio gais tco,E
144,chat aja hallo apa kabar inget gue gak kan pikir siapa tau hati paling rasa kangen buat ngobrol lg yaudah coba rekam lg wkwk,E
145,sepatu sekarang mahal sekali apa kabar tahun depan,E
146,hai hai malam apa kabar yorobun longtime no see karna bulan ga hts tco cwmb,E
147,hi pejoy apa kabar,E
148,apa kabar kata sahabat ninggalin sahabat sendiri,E
149,teh cancii apa kabar,E
150,halo apakabar pacar heesung,E
151,apa kabar aku kangen kayak hari kemaren engga ngobrol,E
152,haloo apa kabar,E
153,hybe segala aja ditawarin gidle lah apa cari talent sendiri napa dah do sm susah buat jadi soloist apa kabar svt hybe aja jauhh lebih susah susah solo tco sdlu,E
154,biyu apa kabar,E
155,unpad apa kabar,E
156,salam kenal apa kabar,E
157,apakabar,E
158,aku baik kamu apa kabar,E
159,uas mu apa kabar,E
160,makin cakep aja apa kabar a,E
161,aku bosen rs mulu,N
162,bumi bulat bumi datar bumi love aku cinta kamu tco uyhendl,N
163,aku cape tp gapapa ingat kata pak tri anak bangsa ayo sdikit uap tco,N
164,capek banget habis kemah wajah gosong ,N
165,aku punya mutual si paling gak ekspos rls gitu kyk selalu nyindir pacar gaperlu ekspos ss chat kek kek kalo punya prinsip sendiri gaperlu jatohin orang gitu gasih wdyt soal pacar ekspos tdk ekspos,N
166,pick your team emak emak hobi invest emas vs anak muda hobi ngonser tco,N
167,titip cw tiktok pagi allah tco qutnncv,N
168,cape ngemis perhati mulu ayo suruh sender mundur,N
169,ajar dasar teori zaman purba tco lykjnsrexn,N
170,aku simpen kontak udah tahun lebih awal minta dinamain kayak gitu sampe sekarang aku gatau nama asli siapa tco aju,N
171,heran dah orang buat baik malah kena suudzon terus bukti ga valid cuma dasar asumsi,N
172,gimana ottoke tco,N
173,mimpi abis tidur subuh random banget kalian gitu ga,N
174,sender cwek td malem prtama kali cobain vape pke vape temen trs sender jd pngen coba lg takut candu,N
175,sih pacar mantan selalu stalking mantan doi aku udah punya pacar aja tetap ganggu enak kalo stalking cuma sampe ig linkedin whatsapp facebook twitter bahkan sosmed pacar ku sampe cari tau teror buat ga ngedeketin pacar cont,N
176,aku gak ganggu hubung orang kok aku punya prinsip kalo orang dekat punya hubung pasang aku jaga jarak harga pasang aku tetap teman mantan sahabat sejak sd sekarang cont,N
177,udah usia tahun aku bilang pacar mantan aku stop stalking si cewe tetap stalking jujur aku kasihan sama mantan pacar tiap kali kumpul tongkrong adu circle pacar cuma cont,N
178,minta maaf,N
179,cowoku libur tco qkgy,N
180,ovthnkg sampe sakit perutt,N
181,kalian ga si ortu sering bilang gin kamu mah gausah mikirin uang ajar aja bener biar uang urus mama sama ayah tp gilir mau minta uang bilang boros banget padahal buat perlu alat kuliah tp ujung tetep kasih sih cont,N
182,diocehin gitu dulu bingung ngerasa gimana,N
183,jarak rumah kampus jam aku tinggal rumah sepupu aku aku laku bantu bahkan makan aku gaboleh bareng aku ga berani ngadu takut ortu aku sedih aku tau aku anak bidik misi anak pulung jujur aku sakit cont,N
184,hati laku buruk begini,N
185,cht sender waktu minta save crush titip tco ckqmiiofl,N
186,glowing apa minyak hehe,N
187,cw lgbtq bi banyak end up nikah sama lawan jenis karna mungkin pilih yg lebih masuk akal gak ngerepotin gak sih soal aku gitu kayak,N
188,baru tau kalo sahabat suka sama crush sahabat gatau kalo ngecrushin orang sama akhir tetep support hati hancur jadi,N
189,cara ngajak eh gamau ketemu gue dulu apa ntar bulan ga ketemu temen cowo crush cara lebih ga tara gimana help takut banget kangen ntar beda negaraaa,N
190,gaji bank datang bank pergi,N
191,guys jd kan blm lama kucing aku matiii trs aku nang terus kan dpn mama akutrs ngatain aku tibang kucing doang nangislebay trs aku ngambek marah sm hari aku gasuka dikatain kaya gitu trs aku gamau ngomong sama sekali sm trs kmrn tbtb cont,N
192,kamar aku kucing kecil mirip bgt kucing aku udh mati kata buat aku biar ga sedih lg aneh bgt gasih,N
193,nomor w dijadiin nomor darurat sama temen sd buat nah kang pinjol nya wa w trs sampe telfon padahal posisi sama temen w pinjol ga hubung lama dr dulu liat orang kaya ganggu bgt sumpaaah,N
194,allah neng aku anak rantau terus tbtb kangen sama masakan mang sm melayu udah cari cari sini rasa gak sama umum nyesuain cita rasa daerah aku tempatin akhir aku nemu resto jual rasa identik sama masakan daerah cont,N
195,aku aku makan nang krn kangen enak bgt,N
196,coty manis tco kxhx,N
197,yallah ken ngerasain menang giveaway sekali aja,N
198,cw western hollywood actor manga when see mads mikkelsen but make it manga version tco,N
199,kayak minggu bakal terus ngerasa berat bahkan mungkin uji selesai asa berat wkwkwkwkkw tco mfquesbscv,N
200,titip an mini mal li ma ka ta tco,N
201,neng banget tugas gue kelar lanjut tugas,N
202,after like,N
203,buat kalian percaya zodi k knp kalian percaya zodi k kan pseudoscience ilmu semu teliti gk ilmiah kalau kalian rasa zodi k cocok bgt sama sifat kok nama barnum effect btw tco,N
204,tw tipu bank udah berapa kali nemu orang kena tipu wa sama orang mengatasnamakan bank bri sampe sekarang kok ga bank bri coba ngelaporin padahal kan tindak tipu mengatasnamakan bank bikin percaya masyarakat cont tco ahj,N
205,turun cmiiw,N
206,aku biasa gasuka masak males cuci perabot mending order food sayang ken deh dimasakin kamu aku bucinnya banget oke bangga nyata aku bangun pasar beli bahan sama cuci perabot pas sibuk sibuk tco,N
207,currently on my lowest point iseng buka bukain folder word laptop terus nemu nyata aku romantis sama diri sendiri wkwk tco,N
208,kosan aku bekas orang bund takuttt,N
209,mind blowing tco cezwd,N
210,li ma ka taa tco copyiih,N
211,pacar bulan udah break aja awikwok banget,N
212,mau minta pandang kalian kena please pake bahasa baik aku salah ga kalau rasa sakit hati sama jadi kan aku ikut ukm sastra gitu kemarin tuh rangka ngerayain bulan bahasa suruh buat puisi waktu aku kirim cont tco jca,N
213,urus nyata tanggap aku paham betul maksud biar puisi aku kembang bilang ga niat jelek bikin aku down banget aku jadi takut bikin puisi chat baru berani aku buka hari kemarin aku uts jadi takut malah cont,N
214,ngeganggu fokus aku,N
215,maaf kalo kalian sebel gue jg benci sisi diri gue yg sampe ngelakuin bodoh cuma biar puji orang tco,N
216,aku bosen banget hari panas saran bikin minum seger dong,N
217,gua butuh topik buat chat,N
218,aku takut ga dapet ptn aku takut prospek kerja aku takut ortu gapunya biaya cukup,N
219,sender naksir sama stranger,N
220,gais pls cara ngatasi kek chatan elite rl ngobrol sulit kek tau gue tu nama siapa tp kek wkt ketemu tu malah bingung jd pls bgt cara kek ngajak ngomong duluan gmn tktnya malah bomat ngehindar gitu kan malu,N
221,sender mimpi tadi malem gendong bayikkk rl paling gaseneng sm bayi gitu tp pas mimpi allah neng bgtt gemesh trnyata sm anak kecil,N
222,sumpah dunia skrg udah makin gila aku baru tau bgt kalau kalang anak smp skrg udah jual perawn bahkan cuma buat beli iphone itutuh banyak sklhku speechless banget aku aku kira cuma nakal batas nonton bl ngutang pake spaylater gitu cont,N
223,nyata sampe kayak gitu bingung banget aku senolep sampe gatau kayak gin pantes aja temenku bilang aku terlalu polos,N
224,klian kesel gksih mau liat trending muncul beginia smw tco,N
225,abang nya ga main main kasih keriuk tahu tahu nya beda plastik tco rbeuadfepn,N
226,cw harsh words kata kasar pedeef banget ga tuh tco,N
227,semangatin sender dong sender sekolah lemes bgt,N
228,kalo bias kalian ambil temen kalian gimana bener kek sengaja banget manas kalian,N
229,pas daring ngehindarin tugas video skrng pas ptm ngehindarin tugas kelompok,N
230,gue hri ultah kn yh ucapin dnk maw mnta rekomendasi hrus order minum ap gt yh sbgai kedok self reward krna bs smpe umur sgni ap gais kasi sy saran,N
231,gimana crush aku cuekin aku hari terus aku cuekin balik hari pas aku balas gak balas,N
232,sedih banget pacar gak bales chat udah jam jam padahal ngomong serius aku gak tenang banget on mulu ig pikir jadi,N
233,i think i ve seen this film before tco,N
234,cowok kalau peka nyebelin bet dah kemarin gebetan gua ngintrogasinya kek org ngegodain mana tatap titip tco,N
235,crush aku sama temen aku aku mundur enggak,N
236,kalo cemburu does that mean i havent moved on yet,N
237,gapernah ngerasa dibanggain sama pacar sedih ga si apa gue salah pilih kali,N
238,tw mention of cheating selingkuh kata kalau punya pacar hubung romantis orang ngechat lawan jenis masuk selingkuh kalau misal ngechat kayak pamerin romantis ngechat lawan jenis bilang pacar lucu banget cont,N
239,hari neng gak,N
240,ngabarin sebenernya grup ngabarin kalo web udah masalah arsip kontak gatau si grup iya ngga tapi kalo nyata beneran jadi ga ngerjain uji susul ga aku kabarin gimana donggg kan cont,N
241,tugas henti ngejar gue gak gue cowo kipop bukan,N
242,hari senin knp aku sial trs,N
243,kek gara mau downgrad apk bs combo voc goput udh didenger pihak deh wkwkwk rata udh update semua btw versi https tco mzim,N
244,skrg aku udah thn ttp jatuh cinta paling kesan buat aku tuh pas sd telpon main bareng seru nunggu hari esok tuh excited bgt ngobrol random ttp ketawa skrg pdkt sama cowok hambar terus gitu aja aneh gak sih aneh kan,N
245,kak rahmat gue uda bbrpa bulan have a crush on u tpi gue bru tau klo trnyta lo uda punya cewe,N
246,aku mulai mau buka hati buat orang deketin aku aku gak tau bakal confess gimana moga baik buat,N
247,emang kompetitif bgt bpk sy tco,N
248,sama cowo pinter pas udah dapet malah insecure ngang ngong,N
249,gue kesel bgt sm org kek gin asli tco,N
250,sender hari ketemu crush sampe terus ngobrol sjshskaj,N
251,au angst sad bangett dong aku ken nang habis stock au,N
252,hidup kok makin hari makin flat aja gak semangat ngapa ngapain gak punya ambisi gak enak hati terus makanya tiap hari bawa cape terus gak ngapa ngapain asa cape,N
253,capek bgt packing barang sendiri mau pindah kos,N
254,duit jajan aku abis,N
255,please normalize beli kue ultah buat diri sendiri tadi pas aku beli kue mbak senyum terus pas aku keluar toko mbak ketawa sama temennya gatau senyum ramah apa senyum ngejek ngetawain aku beli kue hbd to me,N
256,allah masa sekolah razia isi hp,N
257,hp xiaomi tunjukkin font hp mu lucu,N
258,sender lg sakit gk makan pedes enak makan ap yh,N
259,nama aku sering kira cowok kali biarin aja dah panggil aku capeeek tco vkjsyek,N
260,ahmad kata gweh lw mending diem aj dh tco ojmtyqzw,N
261,padahal udah sadarin sama story nya ngebucin sama cewe tetep aja ngecrushin,N
262,padahal ngetik begini doang ngumpulin nyali dulu tco,N
263,emaknya rafatar cantik banget pas kecil tco,N
264,ngaji mam permen tco wwpdfo,N
265,please rem tadi jam malem keponakan aku tk keluar sendiri rumah diem diri teras abis gedor gedor pintu pas tanya gak jawab malah diem aja akhir sama kakak aku bawa dalem,N
266,aja orang begini tco ohtwfg,N
267,cara cowok cewek kpop kerja sibuk diri true or false guyss,N
268,kadang mikir apa aku ga pantes punya temen rasa selalu gagal teman,N
269,wkwkwkwk bulan centang biru tco,N
270,panik tiap kamu up story takut isi bikin nyesek wkwkwkw,N
271,cw death cw itaewon td aku nyerita mamah berita ita sama kata bulan mulud jd banyak berita ga enak kata kalo bulan mulud jgn mana tp wallahualam tuhan tahu,N
272,yaallah baru sadar nyata bibir gue gak simetris nyesel tidur miring mulu,N
273,langsung speechless tco,N
274,i wanna i sometime wish i never been born at all,N
275,spill wifi kalian dong ken pasang wifi rumah mau cari referensi duli tco,N
276,bitt colab sama vas bentuk gemes banget woyy syg banget kalau makan tco rfwv,N
277,mama bilang aku kalau dik lama ga masuk aku males aku ajar susah payah beasiswa sekolah anggap gabisa apa aku jadi apa buat banggain mama wkwk kakak ku skrng jadi anggur tp rumah jadiin raja cont,N
278,aowkoakwowk adek ku selalu manja bingung sampe skrng aku kurang nya apa hahaha kurang jadi duit,N
279,cowo paling ngeselin dunia alam semesta kelas gwehj tadi puk pukin gwehj pas sakit kepala alias wowww ni cowo ksurupan jin baik yachhh,N
280,hmm curiga punya cwo spek hilmy tco,N
281,waktu lalu cepat sekali nunggu menit jam pas mau ngirim menfess d,N
282,akhir aku jadi princess tco tulgba,N
283,unlabeled and rant ayo mutualan,N
284,gapapa kok ngeluh tp kalo emg gakuat ceritain aja jangan dipendem sndiri,N
285,ayo cerita yaa soal sender lg posisi baru putus minggu lalu tetep ngehubungin mantan buat balik tco xmaqdkqexb,N
286,i love him but,N
287,nyiptain tugas kelompok siapa sih,N
288,ring ring do you mind to be my friends a little information about me i m a rp writer taalkss a lot pleathe drop a topic or a simple hi below,N
289,kalau peluang diizinin nonton konser ga diizinin n diceramahin abcdxyz mending ttp nyoba izin yaudah terima ga usah nonton tp pgn nonton all akomodasitiket pake uang sendiri jgn saranin ga usah izin soal ak dr luar jkt takud knp,N
290,japan anime songs lagu lawas indonesia please leave a trace with your tmi or question to summon me already legal and use him as my pfp see you,N
291,banding selalu nang nyalahin kecewa sama diri sendiri sakit aku sekarang lebih milih minta kuatin kasih ikhlas thp semua aku laluin alhamdulillah semua jadi asa ringan,N
292,guys cara biar jadi orang sabar gimana yahhh,N
293,instagram tiba nonaktif trs suruh masukin kode kirim email sama hp abis masukin ngga notif apa malah cuma muter doang halaman apa diaktifin,N
294,instagram bersih apa gimana sih ga ngapain jadi overthinking anjir,N
295,akhir okt gin bgt liat crush foto sm cewe masukin story judul laguny lover,N
296,hari sender ultah udah mau ganti hari gaada ucapin sender balon balon pas buka accpun gaada gkpapa sih agk sedih dikit gin hehehe,N
297,kalo diinget sedih dikit sksk tco tyjilpwpjj,N
298,cw tw alkohol alcohol im sorry for asking buat udah cukup umur legal do any of you have alcohol recommendations for beginner btw aku udah diizinin ortu buat minum titip,N
299,sffh mwu mwtwlan sama rant brisik,N
300,oktober sucks,N
301,hmm hmm hmm tco gymwmyghtb,N
302,busett indihome deh faghhh,N
303,wa cowoku ngomong gt kondisi aku kmrn pake baju kemeja sm rok panjang karna mamah tinggal jd aku ga mikirin baju aku gmna make gampang aja mungkin aku liat isi sedih si mungkin niat ngehibur aku baru hari tinggal mamah cuma cont,N
304,hidup kadang tak adil,N
305,hloe guise crush aku wibu aku kpopers bye dulu oppa korea ak mw pacar sama cwok enimku tlg dong gais kiat mnjdi cewek enim,N
306,sender join panitia trs tdi pas lgi encok nya ngurus tetiba ad kk panitia tamvan sender bru liat sihdia jrng kontribusi yh tdi brdiri dpn sender sngat pelukable pen back hug smbl blng kok bru liat kakak tamvan maybe jwb iyhsoalnya bru nyadar ad kmu,N
307,udahan sih acara kue sus nya takut banget mau tidur jadi was was,N
308,say you love me,N
309,pap chat terandom kalian sama doi dong xixi,N
310,ga salam kenal asal nanya gue siapa lha siapa ngechat gue tco hpcsbd,N
311,tugas kelompok hapus punya anggota kelompok beban banget taiii,N
312,mager bgt,N
313,leaked baru samsung series belakang polos banget tco isr,N
314,darlin your love language is blocked me right,N
315,icad siapa temen sender sering bkin status ginian orang kenal sender kaya baru keluar goa tco tho,N
316,nyata lama aku main sama cowok org ga ngasih tau klo udh punya pacar aku cerita cewek aku malah dikasiani dia ngomong gin aku jadi gatega aku sedih bgt hilang arah aku kudu gimana titip tco,N
317,aku baru ngetik terus send chat temenku online terus pas kirim terus centang last seennya temenku terus aku hapus chat on arti gak mau dichat,N
318,aku curiga kalo malem telpon sama aku telpon aja kali buat mastiin,N
319,buat anak kos boros hemat at the same time hikss dilema y n tco ppox,N
320,hi i just broke up hehe,N
321,sender pms parah sama telat tp tipe people pleaser badmood nya teken dalem mnta semangat kalian ga cape bgt rasa ken nang mulu sek cr tco hphlyk,N
322,guys sayap punya ayam tebrang ga terus kalian kalau jedot galon nang ga,N
323,tw mentioning mental illness sender cape bgt udah tahun lebih obat sampe sekarang rasa nemuin obat bener pas minum jangka panjang ato ga ngurangin dosis coba terus efek macem sering cemas kalo alam cont,N
324,ortuku jadi toxic gin sihh satu selingkuh satu chat mulu sm suami orang mau nang aku liat tp gabisa apa mnaa skripsi pgn minggat rasa kalo dah punya kerja,N
325,cepet banget udah november kalian ngerasa taun cepet banget ga si,N
326,kesel banget ga si kalo buka trending twitter isi nya ga sesuai,N
327,sedih ga sempet nang cape bgt gue hari rencana nang tunda besok tp abis tidur ma sedih yauda gitu aja curhatnya anw welcome novemberrr,N
328,pernah gak sih diem terus tiba tiba pikir do i like him that much asdfghjklqwertyuiop,N
329,ga punya pacar ga nyakitin tetep dengerin lagu galau brutal dispotify cung tco,N
330,kalo cowok udh blg maaf aku butuh sendiri dlu arti pgn sendiri ga mau hubung lg beneran ga si cuma alesan doang,N
331,bilang beban ga hasil sama ibu sendiri padahal ibu tau aku sampe skrg usaha aku tp kalau blm mau nerima kerja aku apa aku hak buat sedih kan,N
332,sender tdi bantuin tmn ngerjain tugas kuliah trs nyesek pas ngomong ko si ngerjain soal kan ajar kuliah ko ngerti syg bgt pinter ga kuliah udah cmn mau crta aja,N
333,adekku jam gin blg kak besok suruh buat tabung karton walaupun marah ttp aku jwb yaudah titip karton tetap dikerjain untung suruh cangkok biji jambu km kalau iy dah aku obrak abrik isi rumah,N
334,kadang ngasih sempat gaperlu soal malah lebih disepelein,N
335,ikan hiu makan tomat gak lah hiu kan ovovivivar,N
336,guys tolongg bgt dong marahin aku dong plss aku kmrn beli pc photocardd bias ku skrng jadi ken beli lagiii soal pc bias ku tuh aduhh lucu bgt ishhh aku gamau ngeluarin duit trs nyesel gmn yahh aduh pgn beli bgt marahin cont,N
337,dongg aaa,N
338,kirain kosong nyata already have a crush tco,N
339,beberapa bulan lalu aku deket naksir sama orang udah engga turut kalian mending confess sekarang engga biar lega aja sih aku mau lepasin aku udah ga pernah ngobrol irl chat satu departemen kampus,N
340,gila kamar sama wc sender tiba semua lampu mati kipas mati pas aku liat saklar lampu turun colok kipas lepas sendiri,N
341,awal putus sebenernya aku sayangg banget harap kamu ubah kangenn banget yaudah mungkin emang ga jodoh,N
342,wajar ga ken panggil cantik bilang cantik sama pacar sender panggil cantik sama pacar sender diitung jari alias jarang bgt,N
343,yeah i miss you tco luj yzoan,N
344,and letting go,N
345,when you love someone willing to learn about them and everything that excites them,N
346,kurang dr bulan lalu mohon balik ekwkw tp cepet banget skrg moveon ahhaha taheee,N
347,bm pop es bangettt padahal hujan deres udah nahan jam gak tidur,N
348,habis gaji diri sendiriii,N
349,im done mau coba akrab read doang gin nyerah aku aku cerewet makin jijik resah tco chuytegf,N
350,terkadang beberapa orang ngatur cara bahagia orang terima beda aja susah bener lama ga ngerugiin kalian,N
351,teman kuliah semester atas lucu cuyyy ytta,N
352,cari gas buat masak knp susah bgt dehhmmm kan suruh sampe dapet,N
353,klik trending isi orang jual doang ganggu banget,N
354,if tomorrow exist what will you do,N
355,trust issue tco,N
356,muslim aku mau nanya dong gas doa buat tenang batin isi kepala kemarin berisik bgt semua jdi serba ga fokus masuk solat tdi sempat salah,N
357,sumpa aku gasuka hari selasa huhu aku mau tidur hari aja,N
358,aku jarang minta sama orang temen temenku kadang bilang kalau butuh bilang cuman udah biasa lakuin sendiri aku ga gitu minta kalau udah ga ngatasin sendiri contoh ga gerak jadi pikir kalau aku cont,N
359,anggap sombong sama orang orang aku biasa mikir kalau minta bantu orang butuh balas padahal aku kalau nolongin orang ga pernah ngarep balesan aku apa aku terlalu tutup,N
360,yhaa diginiin tco,N
361,mau first meet sama cowo anon tele doain abis ketemu kaga ghosting ygy,N
362,bimo maafin aku mulu,N
363,gue abis mimpi pacar sama crush gue twitter seru bgt mimpi anjrt langsung sedih,N
364,sedih bgt crush malah temen gue sendiri,N
365,crush ngejauh insecure sama gaya hidup aku padahal cuma update makan bk sama br doang sedih banget but i know my worth and its totally their loss anyway,N
366,pusing banget orang tua lengkap ngeributin masalah finansial mulu,N
367,pls noticeee punya meme ikan hiu makan tomat gakk sender butuh huhuu,N
368,cowok kalo insecure sama gaya hidup cewek langsung mundur gitu padahal gue gapernah nuntut apa apa,N
369,kalau sama pacar rasa ken jadi orang lemah ken jadi bayi manja manja only kalau sama orang langsung grrr sangaar ,N
370,aja sekarang lebih takut semua dihadepin sendiri gabisa kabur wajar gasih aku capek kayak gin terus gatau hrs gmna,N
371,pernah ga pikir tiba tiba mau hilang aja satu minggu biar tau nyariin khawatir sama siapa aja,N
372,kalian pernah fase baru berangkat sekolah rasa ken langsung pulang gegara kelas ngerasa sendiri g punya temen,N
373,gimana cara ikhlas sama gimana mantan nyakitin aku kadang ngerasa gak adil udah bahagia sama pacar baru aku struggle sama trust issues aku buat sama,N
374,aku teman sama semua orang tetep ngerasa sendiri ken tau rasa kalai cerita baru langsung nyari aku tco,N
375,kopi ku jatoh gaissedi bgtpdhl lg bm tco yftk,N
376,capek banget ril tco mjirs,N
377,gin banget nasib jadi figuran circle selalu aja tinggal ga ajak haha,N
378,bener nih kalo ngechat cuma p doang mana nyepam ga pernah aku bales tco jslxcic,A
379,sp lgi pilek cungg,A
380,siapa anak kos duidnya udah habis tp takut minta ortu saia kack,A
381,pedes manis aku sih pedes,A
382,siapa pernah ngirim mf terus ikut nimbrung ngerep sayaaa,A
383,ig nya kesuspend cung,A
384,buu guruu b indoo akuuu seruuu bgttt tco,A
385,jauh jarak bahagia kawan,A
386,ken sukses kerja scroll twitter,N
387,tuju pak tpi kritik mmbangunnya klo ngatain orang iblis ato setan sdh maki,A
388,tuju gak,A
389,nah tuju sekali,A
390,live masyarakat hak kritik apa bahaya mozaik ubah eps publik kaget ruu kuhp muat banyak pasal kontroversial sah mmg fraksi parlemen dominan tuju tdk tuju aku tak beri hak interupsi tco tco,A
391,tuju gus muhaiminapa ucap bupati meranti rupa sambung lidah masyarakat daerah apa rasa inikritik bangun cari solusi baik bukan sudut,A
392,erk ph bn tak kahwin macam pas kahwin masuk mn pn ye ph bn coalition berbeza bn tuju nak form raja sama ph pn taknak jangan royan,A
393,tuju,A
394,mantap tuju gus,A
395,sorry tpi tuju sm wkwkwk,A
396,what kuliah lebih murah kalo si sender mau kuliah lebih murah banyak kampus harga murah gak jurus didik situ kurang tuju yaa kalo kuliah didik bilang murah,A
397,gue tuju,A
398,kata hukum berat berat laku leceh seksual gilir laku amuk masa ikut ga tuju malah kes bain si laku aneh dah emang goblok tolol,A
399,tuju,A
400,tuju gus,A
401,mau jgk gitu uda bilang mamah and belio tuju cumaa jodohnyaaa aja sih tco,A
402,tuju poin ngebayanginnya aja udah merinding biar latih perang senjata api tetap manusia milik rasa takut sama mati jangan disamain main free fire pubg sama counter attack,A
403,tuju,A
404,tuju,A
405,nah tuju nih aylopyu,A
406,tuju,A
407,tuju gus,A
408,aku curhat ttg crush emak emakku sgt tuju masalah orgnya mau g,A
409,tuju,A
410,tuju gus muhaimin,A
411,duh bener nyata iya tuju banget beneran jarang nemu au ambil sudut pandang masyarakat tengah bawah kyk cerita,A
412,tuju gus,A
413,sangat tuju sekali kak bikin hati jadi tenang,A
414,tuju arthur mulai peperangan,A
415,tuju,A
416,tuju mamubenda baik kena sokongpuak puak tiktok insta kira nak ambik gmbaq jabkn nak nikmat makan tu he he,A
417,cowok kalau udah nang begini tanda sayang banget iya sayang sama ban sp sport sih soal bikin nyaman senyap buat ajak unlimitedjourney mana tuju kan drivemate experiencewithdunlop dunlop dunlopindonesia unlimitedjourney tco,A
418,tuju bgt kalo gatel langsung kurang kalo aku,A
419,iya tuju jelas buat asumsi liar asumsi liar investasi bwt podcastny dijadiin corong,A
420,tuju semua buka gak anti kritik kritik jg konstruktif sifat bangun destruktif,A
421,tuju gus,A
422,tuju bong krn datang quran dungu ubah jadi akal sehat cebong mana ngerti,A
423,tuju,A
424,aku tuju ganti si ca jujur salah ketik mulu mau rekomen temen,A
425,gue vt buat lo sorry banget gue ngetawain kali menit critanya bapak ga tuju krn jn cm jual pop ice tco,A
426,tuju gus,A
427,tuju orang asing kalau kilang tak elaun just gaji basic je apa diaorg sanggup lari cari kilang tau,A
428,semua tuju,A
429,tuju gus,A
430,tuju digebukkin tco,A
431,iyaaa tuju,A
432,tuju bubar pak presiden krn sdh tdk punya taring alias ompong,A
433,tuju,A
434,influenced by jane bilang makeup sendiri pas nikah krn pen pake mua pas nikah aja biar pangling w jadi tuju wisuda besok makeup sendiri aja dah mua nya pas nikah aee,A
435,sangat tuju gus muhaimin kritik bangun,A
436,tuju,A
437,tuju tum ahy ahypimpinperubahan,A
438,yess tuju,A
439,tuju,A
440,sy tuju min,A
441,tuju bantu sekali mantap bangga tco ganjarhebat,A
442,tuju,A
443,kalau kata pernahsaya tuju,A
444,apa tuju,A
445,siaaap tuju gus kritik bagaimana jadi masuk lebih tingkat kualitas lebih baik,A
446,tuju guss mantap,A
447,sangat tuju gus muhaimin,A
448,nah kalau aku tuju kak,A
449,tuju gus,A
450,tuju banget bersamajuara ridwankamil tco htjmmnfwsz,A
451,tuju sering salah tempo keburu mahasiswa bilang teknik wkwkw,A
452,lol tuju rasa sakit org lg happy another level of sakjiw iya jiwa sakit sila sembuh dulu biar ga ketrigger pas main sosmed,A
453,sip tuju,A
454,tuju bantu sekali tco wgea jokowihebat ino harianto polresta balam,A
455,tuju,A
456,tuju budidaya kelapa genjah waktu panen relatip cepat buah lebat,A
457,tuju,A
458,tuju guse,A
459,tuju,A
460,nder tuju banget kejuuu enak parah aku sama pacar bangettt,A
461,tak tuju,A
462,nek iki rodo tuju,A
463,kelas pak dudung selaku kasad tdk perna klaim opm terorisbahkan dunia internasional tdk tuju sebut teroris jadi ada ngada,A
464,kata cadang tu muhyiddin kalau kata cadang mana mungkin ydpa minta utk sign dokumen tuju tolak cadang baginda kalau bukan gabung dah ydpa panggil istana bangang hg ni sbb ni kalau gabung cukup la simple majority,A
465,heh iyaaa tuju bgttt love jg jd lagu no paling dr dulu smp skrng selalu nangkring paling pertama wkwkwk enak bgt soal apa lg haechan candu bgt,A
466,tuju gus muhaimin kritik konstruktif perlu,A
467,tuju gus,A
468,tahun mula internet fiber wujud la sekarang dah hujung nak masuk alas at least xx duduk tuju baru tarik kabel tak fiber semua tempat padahal tm monopoli kot tco,A
469,tuju dasar orang punya rejekinya masing,A
470,hehe gak tuju,A
471,tuju,A
472,pas gue jd headhunt kl nyari org kedapet cv model gtu emg dsuruh skip krn anggap ntar ga kompeten gtu gue tuju ama salah repnya kl beda budaya jaman dlu ama skrg tco xccr,A
473,tuju gus,A
474,semua orang tuju ikeu sangat gemas lucu,A
475,hehe tuju sih ronaldo pernah lebih baik,A
476,tuju,A
477,tuju nih,A
478,tuju tp knp minimal admin dr minimal dr dar aparat kait apa ga lihat pura cuek soal begini,A
479,tuju,A
480,pp mu jelas semua aku tuju bola bulu tepok,A
481,wkwk tuju bolong bre,A
482,tuju bang,A
483,tuju gus,A
484,tuju cak imin apa bupati meranti juang tingkat miskin ekstrem tinggi moga solusi,A
485,tuju,A
486,tuju,A
487,tuju tco pcljbbnyya,A
488,tuju walaupun story linenya standar visual gila cantik banget apa visualisasi bawah laut juara,A
489,eh aku tuju tuh bagi haje au belah sering bnget jd anak bandel nya tiap kali ku baca aku ampe kyak aelah asa dpet peran nya gk jauh dr kalo bner jd cast tmen ama si per utama au nya keitung jari,A
490,tuju anjing aja masuk surga nah kl kadal gurun,A
491,even tak pernah keluar dating i tuju,A
492,tuju gus terkadang buah kritik buat makin maju,A
493,tuju gus terkadang sekal kritik perlu bs bangun motivasi lebih baik lg,A
494,tuju tco,A
495,tuju mediocre only tco dmyqbwrqsh,A
496,tuju gus,A
497,tuju tepat sekali,A
498,bwner bgt tuju ky ni duit pake apalahi,A
499,tuju sih tp biar messi fix jd goat kalo menang pd tetep lebih ngefans sama ibarat lebih telor dadar padang rendang nobat jd makan enak dunia,A
500,maaf ga tuju maksud ga semua tuju jugakansoalnya aku rarepair aku nemuin tulis aunya gapernah masukin pair populer awal aku mikir persis gin pas lihat nyata gasemua kaya gitu tco zsma,A
501,jeno sm karina pacar aja si kata gue mamak kau tuju ayo rugi kalo ga pacar,A
502,cadang nama twitter baru rse ssuai antoine griezleman mal pon dh tuju tu bole proceed jap lg laa ni,A
503,tuju,A
504,tuju bgtt pak anies sosok toleran itstime tco kiiojbdogi,A
505,tuju gus positif thinking,A
506,baru kali tuju ama buzzer wkwk,A
507,tuju perintah tegas,A
508,tuju banget skill gak banyak pilah pilih kalo tuju emg pgn gaji gede karna iring jalan waktu kalo emg punya skil alam kerja nyari bukan nyari,A
509,tuju gus jadi buah kritika jadi suatu motivasi bangun negri,A
510,tuju gus muhaimin iskandar,A
511,tuju,A
512,tuju kritik masuk baik makin maju,A
513,alexis sanczhes main baik dunia retweet tuju,A
514,jujur tuju bgt baca narasi kayak namparr aku hahaha makas kak dhanii tco,A
515,ketik kalau tuju wony gemes banget,A
516,tuju asli,A
517,hi kak rdw bantu akun twitter mohon maaf kait bonus sudah balas tuju ingin tanya langsung via dm info detail nomor thanks,A
518,gue tuju orang rumah nerima makan salah tanya dulu gak beli makan trus driver biasa kan dulu pesan kak blablabla biar gk salah alamat tco tgbzucayiz,A
519,tuju gus terkadang kritik jadi kan motivasi depan,A
520,tuju gus muhaimin,A
521,surat tuju terima sign tak tanya kali,A
522,sangat tuju soal banyak org dlm tanda kutip malas kata rezeki udah ngatur mau keras apa tetep gin aja tutup kalo enggan laku progress kerja keras tuhan jadi beri rezeki upa ex sehat,A
523,tuju terorisme berantas ham jadi dalih yg lebih dulu harga hidup manusia,A
524,tuju,A
525,yup tuju mcm tgk drama turkey,A
526,tuju,A
527,tuju ni diam orang mention diam juburrr tco,A
528,siap tuju gus,A
529,ni tuju jangan normalize,A
530,mjb tuju gua,A
531,tuju sekali jalan tengah bijak moga jadi opsi selesai,A
532,tuju sii kadang sisi tuju alias kalau mau cemburu lo siapa,A
533,tuju g banyak ngeblok publik figur ga enak liat gua ngepost jek gitu buat apa,A
534,tuju banget jrit vocalnya merinding parah tco jbjlk,A
535,om ded jujur deh lama kerja utk bin kan bpk angkat om ded mantan ketua bin mungkin lama jasa bocor dunia hitam dunia artis teman komika oknum harga baik angkat jadi letkol tituler klo alas tuju om ded,A
536,tuju gus,A
537,woi serius laron makan ga mual,C
538,canda serius tco orshfjaluv,C
539,tags bxb college au local au fluff slice of life notes penggal kisah romansa sederhana jadi jangan ambil hati judul kurang s mohon maklum,C
540,serius siapa,C
541,anjir gue udah jarang bgt ngomong serius cuma gelitik ajaa sama bbrp ig mutuals gue pernah jadi coworker bahkan spv gue tuh tauu rasa kalo woyy brand company lo bom settle sisi manajerial tuh amburadul banget,C
542,tuhan aku benar benar ketemu buaya darat sekarang aku gabisa bedain mana cowo seriuscintasayang mana engak haha,C
543,mending beli live theme skz gak aku uda skz pfp nya uda beli ken beli live theme uang uda buat apa ken serius buat apa,C
544,serius ngeduluin char fav banget dulu soal shenhe buat complete team ayayaku moga kespook wanna hug tco jmode,C
545,nah,C
546,kuartal iii laba bri terbang besar year on year yoy karena bri serius terap esg kinerjabriq,C
547,drama pertama w latar raja drama buat w akhir nnton utqu gua gak drama raja krna trllu bnyk istilah raja bikin w pusing drama buat w gak trllu pusing sma istilah krna alur gak trllu serius tco,C
548,beneran dah mending tugas individu grup begini gapapa banget dah banyak mah bocah kelas ku banyak kalau urus tugas ga serius canda mulu ampe kagak kelar kelar dah tuh tco hmpqynucit,C
549,sama kadrun inti jgn terlalu tanggepin serius aja entar ikut jd kok,C
550,serius sini rasain stop samsat carrefour wkwk,C
551,ahy ungkap tiga masalah serius ri demokrats ahy pimpin ubah berjuangbarengahy tco,C
552,waktu mode serius troll teman bangsat tco ttdkguenzw,C
553,deh buat kakak kudm klo serius kak,C
554,gqmoty hadirrr coba hadiah udah tahun gue gak pernah pesan jiwa toast serius tco wxptodjo,C
555,serius lihat dah,C
556,tanya serius cara bungkus gimana sih newwiee legoxtaynew tco guohp,C
557,lho cari anak buah si oneng hehehe,C
558,kalo punya kucing aku gk benar laku mama tp coba masalah kamu lebih jaga sama hati hati sama kondisi kucing mama,C
559,hati hati,C
560,ajar nolak jgn takut sama siapa sama guru ppl,C
561,adek gua lebih nder kalo pasang behel makan hati hati banget dulu adek gua kalo makan apel gaboleh langsung gigit takut bracketnya nyangkut,C
562,hati mungkin selimut kelabu dingin panjang panjang jalan kenang singgah hati hati ayam enak makan jangan banyak kayak apa sih punya sendiri kan,C
563,mngerikan hati hati,C
564,jalan sayang planrathavit tco,C
565,deket hoon hyung ikut ngebughati hati tco xafjum,C
566,kavin nnti pas hati hati pulang yh,C
567,minum gelas kalau lepas pecah cinta hati selalu ikhlas cinta buta makan hati,C
568,hati hati jangan silap langkah,C
569,kadang mikirin aja udah bikin nang bangga banget sama koko rantau satu juang ga mudah nekat pergi jauh negeri orang kalo sampe nyakitin awas aje,C
570,hey u urat kenceng awas ledak,C
571,lee awas ye tandain luuu tco,C
572,iya disimpen awas kalo jadi pengganjel lemari,C
573,dik awas nyamuk masuk,C
574,awas aja kalo besok beneran jadi malem trs ngapain td nyamperin ambil ktp guwehhh,C
575,awas bang jali,C
576,ntar ganti pas irun update wkwk awas aja lama ilhoon,C
577,rokok mahal banget anying beli berapa cokelat nyesel nawarin ram marlboro awas u man pelit ma gua esse u gua ganti marlboro kane kan,C
578,nonton kece jagain ponakan kembar nih nder tp awas jgn kenceng volume tar km budeg tco jrnjudo,C
579,     joanna,C
580,awas kangen,C
581,ga bs nonton berak,C
582,awas terkam loh po gqmoty tco,C
583,awas aja ntar sifat plek ketiplek bapak wkwk,C
584,sakit nih tamira sama zack beneran sakit jiwa sampe gak penjara tahun awas aja lo anjirrr sakit lo,C
585,ih eyan awas surup,C
586,awas lo kalo sampe ngide bikin stage buat jet musuh aku hapus semua foto galeri tco,C
587,hduh awas sruduk banteng merah,C
588,yayyy awas galau pulang,C
589,nov aku minjem spylater hari udah aku lunasin belah kiri kok terang total blm lunas pas klik muncul gambar kanan gapapa kan maksud emang bener begini tco twehrsbwab,O
590,mohon bantu temen temen penuh kriteria isi skala teliti yaa link aku kirim rep terima kasih tco,O
591,kurang banya responden makasii tco dkjv,O
592,sender begini kalian gin ga tco imos,O
593,coba rating hari kalian hari sender kacau banget hari haha,O
594,kalo milih kalian ken hidup jadi apa sender siput,O
595,hy sender kapal pandang bulan tco,O
596,kalian pacar posesif kaya gmn aku bilang posesif sama pacar sediiih,O
597,terimakasih udah bantu jawab tco,O
598,kapan yh tiba tiba ngirim pap lalu ngasi semangat tiap gin ken pacar hikd,O
599,drop meme bapa bapa dong tco,O
600,gimana sedang malah main mulu sama temennya bahkan sampe jam sender udah coba kasih masukann tetep ngomong waktu buat kerja tco vci,O
601,klo blnja alfa indo byr pake qris minimal beli nya egk,O
602,airpods kalian pernah ngga volume naik sendiri gitu padahal lg diem bikin kaget bgt asli,O
603,hp sender warna hitam mending beyii mana tco hrowd,O
604,saranin barang apa bagus buat tukar kado acara kantor dongs min tenkyuu,O
605,temen temen apa punya foto kucing sperti tco,O
606,you did well today so proud of you,E
607,nangiss bangett huhu kalo emang ga mau punya anak ken enak doang knp ga minum aja sii kek yaallah ga mikirin bayik nya tco afbynx,N
608,kalau minta buat presentasi sehat mental tp gaboleh pake ppt enak pake media apa titip,O
609,potterhead cung,O
610,benci bgt sm diri sendiri kalo lg moodswing gin,N
611,ngerjain tugas banyak kgk masuk akal tenaga gue lngsung abis rasa,N
612,titip aku cowo mau serius sama cewe cewe udah punya anak anak rawat ortunya dulu hamidun orang gak tau aku mau serius aku gamau kalo ortuku tau kalo cewek punya anak mending aku bilang sama ortuku gak kalo cewek cont,O
613,punya anak,O
614,pas pdkt rajin ngobrol pas pacar tinggal terus sorry random thoughts,O
615,keluarga haji bolot kangen naik vario sama kaziro goethe,O
616,sender gc sirkel tmn smp skrg sender udh sma tp akhir ga muncul gc krn rasa gaada tenaga buat jbjb bahas kadang ga erti sender krn snder jauh dr jd jarang ketemu beda sm member tiap hari ketemu enak cont,O
617,muncul lg kaya gmn apakh sender ikut jbjb aja pas gc ny lg rame malah buka obrol minta maaf krn sengaja ga muncul gc pdhl sosmed ttp aktif huhu bingung,O
618,emang salah kalo cewe makan nasi padang habis soal temenku selalu nyeritain semua temen kalo aku makan nasi padang habis cerita tuh ngejek gitu wkwkwk bingung banget,O
619,ken ajar toefl yucub saran,O
620,izin ku benci sang ganti,N
621,kalian kesel ga kalo diginiin sama ortu kalian tco raqmqchngm,O
622,ken ngobrol sama kucing aja capek ngobrol sama manusia,N
623,saranin lagu vibesnya kaya gin dong tia tco,O
624,wdyt sama cowo udah punya pacar tp malah salting cewe padahal udah menuhin love languange huhu sakit pas liat baper sama,O
625,bosen banget,N
626,sekarang udh masa cape harap sama manusia mending harap sama allah aja hehe,N
627,gn everyone sleep well tco,E
628,gin deket kampus sender daerah kalian berapa tco,O
629,halo doi ku tadi habis jalan sama adeknya trus kirim pap adeknya aku komen adekmu cantik gitu trus kasih nomer adeknya nah aku dah intro say hai sama adeknya bingung mau bahas saran dong gess bahas topik apaa gitu biar gue ga kira aneh btw cont,O
630,aku cewe jg thankyou sebelumnyaa,A
631,ootd buat dateng wisuda ga terlalu liat heboh gimana aku dateng wisuda baru kali pas kakak aku wisuda aku pake bawah rok batik gitu kalo dateng wisuda temen pake bawah rok batik aku takut liat too much soal,O
632,mau bikin teh manis anget udah gosok gigi kalo kumur mouthwash aja gapapa ga sih,O
633,i know ur not okay right now babe but remember that besok pas,C
634,emang ngedate tuh hrus pacar dulu,O
635,pernah gaksih kalian nang gara gara klian bahagia banget punya pasang kalian sekarang ingat jaman skrg susah bgt cari pasang beneran niat serius sm jd pas skalinya pny jd nang mikirin bahagia untung kamu,O
636,kalian tim phone case gonta ganti hidup semat buluk tak duli tco kmg,O
637,sekali sender ken nonton malem soal ga wcup sebutin dong tco,O
638,duduk twitt rules pake jantung tangan tidur hati sibuk leh ga kirik menfess masuk rumah keluar kuping kanan belok kiri leh ga akal cuman maghrib sampe leh ga,O
639,aku mau tidur takut denger suara petir luar rumab mungkin hujan deres ga sih kalo suara petir bikin jendela getar,O
640,aku mau minta saran baik aku pribadi emg cuma nganggep temen nyaman sm temenku bagai temen titip tco hwahnx,O
641,meme model badut gin dongg tco,O
642,nyadar orang paling aku butuhin nyata ngajarin aku buat ga butuhin siapa siapa,N
643,how is it feels when u ngilang tp bestie u kaga nyariin samsek wkwk,O
644,ritual lo tidur apa guys,O
645,guys brand local apa jual dress lucu short long bantu spill toko online nya dong,O
646,nanya semua cwk wangi parfum nya tips parfum tahan lama tco amqx,O
647,cw titip tco yquazybjpu,O
648,rekomendasi drakor vibesnya mirip dong maacii tco,O
649,recommend netf movies dong jangan viral akhir,O
650,kalian cewek pernah pegang sama cowok meski kalian jadi pacar,O
651,ayo r te nama panggil kalian alas panggil apa dongg guys,O
652,samsung plisss adain fitur skrinsot tiga jari dong skrinsot swipe samping sulit poll,O
653,kalian pernah ngerasa nama kontak doi tu pengaruh ga si misal ganti nama jadi sering antem gitu wkwkw,O
654,sender nang terus tetangga kost kamar jauh dr sender ngechat gin langsung henti soal kaget nyata kedengeran jauh tco lha,N
655,eh guys kalian pake iphone pas mau download appstore jadi bayar ga gimana ngatasinnya skrng twitter emg jadi bayar,O
656,no salty plissender cmn mo nanya doang jdi temen akuak cmn post sw spain gegara gavi lewat tiktokterus jbjb sw akblgkalo tim ak pegang bkalan kalahalhasil beneran kalahak mah sntai ajatp entah knp kek manas gitu gegara basic ak kpopers cont tco,O
657,sok blagu tau bola katanyatiba jdi fans dadakanpdhl apa salah ak cmn nntn doang and ak ghibain k tmn nya fyi cowo salah yah akusmpe gin bgt pamer sw,N
658,malem malem gin enak makan sate peluk gerobak,O
659,coba drop meme gombal andal tco meipn,O
660,hai buat kamu baca menfess sender cuman mau ngasih tau besok km bangkit semangat okay suatu semua bakal baik kamu bakal atas   you have done your best for today have a good rest,E
661,saran lagu buat dimasukin playlist dongg tia tco ehlcyc,O
662,my people call me akukukan but my enemy call me namor maksud apa guys,O
663,tw insecure sender akhir akhir ngerasa insecure banget sender udah sakit minggu pas sakit muka sender muncul banyak jerawat bruntusan cara biar tenangin jerawat gimana ramah kantong soal sender ajar,O
664,kakak kakak nakes bantu jawab aku kurang paham soal aku tadi abis liat orang luar tktok live plastic surgery bilang for educational purposes live kaya gitu https tco znj,O
665,kalian tuju ga sama kalimat kalo cewek suka duluan nt wdyt guys,O
666,mun aku tahap depresi banget sama soal aku ga pernah ngerjain soal ide ga dapet banyak apa latih tetep aja ujung gabisa aku coba ajar awal tetep aja kalau ngerjain soal gabisa waktu aku cuma tinggal bulan aku gabisa cont,N
667,punya ga sih tips biar aku ngerjain latsol,O
668,td nganterin kakak ku dealer honda guys trus nanya nanya harga motor lah tiba tiba nyeplos mulut sembrono mbak kalo nmax berapa padahal situ kaga nmax mbaa mba nya lgsg jawab eheee kalo nmax yamaha mbak mana banyak orang,O
669,cowoku dulu pernah kegep ngepap cewe terus kemaren ngelike snapnya cewe jg punya cowo tp friendly siapa tu nguras tenaga bgt yaa,N
670,kalian klo waxing trs gagal bulu gakecabut kalian ulang udahan dlu,O
671,habis dicurhatin temen jadi rasa jg manusia,O
672,nonton film jepang tuh sih dah nyari gak adaaa mau nonton kalo tau nontonnya plis kasih tau judul even if this love disappears from the world tonight konya seka kara kono koi ga kietemo kata film sedih bgt plis cont tco vddg,O
673,notice mf,O
674,aku masuk org mandiri serba simple gamau ribet eh dapet pasang kalo masalah dikit ribut ngalahin perang dunia anjay mantap info jual pacar,O
675,pikir w penuh banget ken dikeluarin gaada diajakin ngobrol takut kira oversharing ngeluh mulu,N
676,sender sama gagal terus guys knp yaa pdhl udh kasih bedak olesin sesuai tumbuh rambut cabut lawan arah tp ttp gakecabut knp yaa merk waxnya ngaruh ga sihh ak pke brndiva btw sakit bgt woe udh ulang trus smpe merahh tco,O
677,cw rp randomly ken back saranin muse cowok gen gitu gak tia,O
678,cape kerja buka hp lgsg nang tco,N
679,pernah fase bingung lapar lapar endingnya makan engga,O
680,kalo mau ghosting tuh jangan nanggung nanggung mending langsung ngilang jangan ngilang muncul ngilang muncul,O
681,kepala berisik banget yaa,N
682,mau aku curhatin ga masalah cowok,O
683,gais udah usaha baik tetep aja kurang,N
684,apaa guyss tco,O
685,duh sender punya benjol perut kiri bawah besok mau rs doain moga ga napa,O
686,gimana cara jd orang bijak,O
687,aku sama ex crushku aku move on beda kelompok buat pagelaran aku sama sama sama jadi keyboardist emang udah pro aku baru ajar jiwa competitive aku gamau kalah sama jadi aku pesimis takut jadi jelek,N
688,tempat kalian tinggal deket resto makan minum kenal sebutin,O
689,your unlike things,O
690,guys aku akhir gabisa nang kek nahan gitu pdhl aku sedih bgttt blm lega klo blm nang,N
691,tau ga cara repost story instagram lama gimana tia,O
692,pernah ga si kalian diem doang bilang judes muka kek judes padahal biasa aja,O
693,aku kira bakal kosong mlompong tco,O
694,tau nggaa jual masker duckbill cap permen love smile bulan gituu bentuk lucu plis kasih tau sender kalo di oren yahhh thankyou titip tco,O
695,pap last chat todaaay,O
696,pagi adik kakak om tante cing,E
697,ngerjain tugas gak buka google krn cuma punya kuota sosmed main twitter bilek tco nuazpvhnsw,N
698,guys rasa punya temen banyak gimana deh ak penasaraaannn,N
699,beberapa bulan aku kan gamon terus hari tepat hari pertama aku sama mantan jadi jadi aku coba baca chat lama aku ga ngerasa sedih samsek apa aku udah move on,O
700,tau ga template apa edit mana makas sblumnya sc pinterest tco hhsgfsrgbn,O
701,guys saranin lagu macam orchestra gtu dong nada bkin relax gtu gapapa thanks,O
702,ganti nama wifi kek gin yay nay berisik bgt kamar belah kost sender tco aimbpuracj,O
703,cowok temenku nanya sifat karakter temenku aku aku gatau jawab apa mending gimana ngeyel ken tau sifat cewenya aku aku udah bilang cari tau sendiri tetep ngeyel,N
704,streamingan piala dunia gratis dong guys,O
705,gue jadi tempat cerita gua pendam banyak cerita ken gua ceritain gatau siapa ahaha,N
706,tips cara hadap fase gamon dong guys,O
707,hari sender ngalamin buruk sedih bgt sampe sender mau nang aneh sender gk nang i just find myself even more empty than before can u guys help me ksh kalimat tenang apa krna sender bingung knp jd ky gin tysm,O
708,hai teman jangan tidur teman,C
709,tips angle foto aesthetic buat fotoin doi klo bareng gitu dongg,O
710,rekomendasiin lagu vibe nya kaya sedang sesat hutan gitu dong hehe kaya bon iver sama taylor maaciii,O
711,jam gin bukan nangisin org malah nangisin diri sendiri,O
712,hajshshshs lucu bgt ni orang gua jual aja apaya tco krliyuwu,O
713,guys muslim blh dgr lagu ga sih tco pmdftkryvy,O
714,uninst ig for a better life y n,O
715,idk what i have to do tco faqw,O
716,tw lgbtq lgbtgq hi can i get a hug aku baru aja tau ibu kalau aku pacar sama perempuan and yea i just need a hug rn,O
717,tw kecoa sender bangun gara kecoa jalan tang,O
718,plis bantuin dr kemaren malem gak nemuu sampe gak tidur tco twr,O
719,gue katain jelek sama temen cowo gue emang tu anak satu,N
720,kacau kacau ngerjain tugas dengerin lagu cas,N
721,seruu bgtt tauu kalo misal smaa bestie ngobrol nya positif seruu engga ghibah n ga bicarain cowok doank,E
722,somg that make you miss the relationship you never had,N
723,ngga lagu ngomongin orang rasa paling sakit pdhl awal salah spill dong,O
724,bener jadi barusan kucing sy kelah gan tco gdmmmrgmuz,O
725,kalian pernah ga sih uda ngantuk banget tp baru aja abis makan sender lg ngalamin haha mau tidur kenyang gni tp ngantuk banget,O
726,nomor hp pernah dipake nyata ga hangus mama br beli nomor tp pas cek buanyak bgt sosmed aktif nomor,O
727,ai wo hitotsumatane matane yoru ni saku ondo totomoru made,O
728,kalian gmna dah tidur kaaan tco ohbyccv,O
729,dingin banget kamar pake ac norak bgt aku klo matiin pda bangum gk aku lgi ga tidur kamar sendiri,O
730,how long would u wait till u say i love u to someone,O
731,info shampoo ngurangin minyak kulit kepala dongg,O
732,boboo aku bikin fake skenario sini tco wgeidk,O
733,i miss my almost lover engga kuat tadi nang,N
734,parkir mall penuh akhir ibu budi putus,O
735,lg cari mas gondrong jkt mlg naik bis trans nov kmrn,O
736,etis ga si cewek curhat sama cowok orang,O
737,i only had love for you,O
738,sender kan kmrn tipu pulsa tp sender pikirin knp tipu minta pulsa bukan duit ewalletnya mksdnya emg pulsa dijadiin duit,O
739,kalo stlh putus hubung kalian baik aja sma mantan trus mantan kalian nikah ngundang kalian bakal dateng gak,O
740,definisi nemenin tu gmn yh konsep kok banyak beda beda wkkw jadi bingung,O
741,i feel so bad for my self,N
742,anak kosan kalo nutup pintu kaya gempa,O
743,kalo pake make up trus solat gapapa aku bingubggg,O
744,hi aku baru bangun kereta gabut banget baru samps tuju jam,O
745,kalian tim bangun tidur klo sender bangun,O
746,real haha tco xmqgowuppn,O
747,muslim ga puasa saur dulu,O
748,pagi semua,E
749,jam gin kalian ngapain nih kalo sender rebah hehehe,O
750,ovt berapa cinta kalian pacar kalian skrg,O
751,mau nanya dong kalian minta ditebengin org suka ngasih uang bensin gak aku selalu nebengin orang jarak lumayan muter jauh tpi gak kasi uang bensin sjaksjsk,O
752,sender mimpi dimarahin my ex karna ga sengaja pencet nelfon,O
753,aku bingung mau gimanaa temenku cantik banget tco kjsfsrq,O
754,maksud naga apa sih,O
755,sebut giat kalian hari,O
756,kocheng kamu naik meja kan jadi lempar sama galak tco sdrsdz,O
757,jam jam kebelet boker,O
758,nyata anak peringkat paralel sklh sender tuh tiap uji buka google,O
759,hari sender ultah blum ucapin samsek mita ucapin,O
760,qrt randommm buat semangat hari,O
761,all met beraktifitas hari kamis bwat km yank manis tco myvvl,E
762,gaesss kalo misal mau upload video gdrive gagal mulu tuh beneran ga ngerti soal heheh makasii,O
763,aku anak sanggar tari jd aku tau acc ig sanggar tari tp aku ga tau nama doi acc doi help prenn aku dm aja acc sanggar tari buat nanya acc doi nama doi,O
764,kalian kalo panas gitu pusing ga gais karna aku gemuk,O
765,girls only yg kalo mau dekat haid mual redain mual pas pms gimana aku baru pertama kali kayak gin udah minum kayak eneg gitu,O
766,thoughts on orang insecure salahin orang misal insecure soal a ntar ngomong gara gara jadi gue gak sayang sama diri sendiri,O
767,user redmi only hp kalian pernah mulu ga kek kalo buka aplikasi langsung mati telpon langsung mati hp ku kek gitu sekarang cara benerinnya gimana,O
768,halo pernah jual tiktok live ga aku mau tanya tanya sedikit buat metode teliti kuantitatif kuuu nih thank u,O
769,sender sama penuh kok jaring nya bagus aja asa tco tco rolqm,O
770,cw kpop guyss aku ken ngepoin seventeen saran dong konten apa aja kutontonn aku cuma pernah nonton gose hantu ituu saran gaa lebih seru ngakak ngenalin sifat lebih jauh makasii https tco,O
771,mitos gaksi kalo ip gaboleh charger sampe,O
772,apa bikin kalian sama discord,O
773,kata usaha enggak menghianati hasil nilai pas ku jelek banget padahal aku ajar sampe malem,N
774,cewek friendly emang salah,O
775,halo tiba tiba laptop gabisa konek wifi mau tanya tau ga cara ngatasinnya gimana aku udah liat tutor yt tetep gabisa tco,O
776,baru tau naga awal sini tco wtgajuswqy,O
777,kalian bh turun bulan tuh boros ga tia,O
778,guys tau matiin gak kalian nya https tco oqf,O
779,semuaaa hari sender ulang tahun pas bgt uji doain smoga lancar yaa hv a nice day guyss,E
780,embun nya spti portal tuju isekai tco xyko,O
781,tempat badminton recommended jogja guys,O
782,kalo ngejar kamu ngga dlu deh aku mending ngejar list drakor and diracin ku tco wyg,O
783,cwo kurus suka bgt liat cwe isi bawa ken tak peluk gemesin soal,O
784,angkat tangan kalau kalian golong manusia nyesel bleaching rambut,O
785,mniezz yng mau nonton the dream show gx daerah bandung yu nonton aku lgi nyari temen nieh,O
786,lihat deh lucu banget osis sekolah tco cotpkbv,O
787,engga sih kartu internet paket jangkau buat manusia engga punya byk duit tco adibrfrl,O
788,nyata laku positif suka yaa walaupun sederhana,A
789,aplikasi pertama kalian buka bangun tidur apa sender whatsapp,O
790,udh siap blm jemput sekarang tco,O
791,guys saran hastag kece tarik buat ngajak orang olahraga terimakasih,O
792,guys maaf bgt bikin kalian mikir keras tp judul kemarin yg bener maaf bgt yaa kalo kalian gak tau gapapa deh aku nyerah aja nyari film tco tco kaom,O
793,guys saran make up look tema yearbook house party dong flashproof soal foto malem pake flash thank youuu,O
794,saran kado buat temen mending tumbrl pouch make up makasih,O
795,wts abang no plus banyak minus minat reply aja,O
796,temen kelompok cosplay anime no tugas kelompok sekian,O
797,cw tik tok ngeri org pinter disalahin mulu tco,N
798,harga membership gym rata berapa yaa,O
799,iyh yh mrasa insekur tco,A
800,drop punya kaliann tco,O
801,sender puji muka manis ga ngebosenin sama temen cowok negesin kalo sender tuh ga cantik sebenernya apa dah beda manis sama cantik,O
802,cw kpop minta vt nct gak member nya ngomong gin jn one n only johnny suh ty siul lagu make a wish kolam renang dy i hate this guy jh two baddie two baddies one porsche yt diajarin ngomong johfam tp malah bilang thankyou mk its my time my cont,O
803,time to shinee hc haechanie wattayo kl taeil sm jungwoo ak mreka ngomong apa,E
804,kalo aku kebo terus kamu apa,O
805,sapa awal mara sini cung tangan tco hdhez,O
806,bayangin kamu wanita cantik no dunia,O
807,classmeet buat apa coi mending libur,N
808,udah mandi udah siap malah gajadi kelas huft untung blm berangkat,O
809,plis aku mau record call watsap jdi spill apk digunain dongg kedengeran suara,O
810,sedih kalo liat papa sender tiba tiba kena sakit stroke rasa kayak jadi cepet banget gak nyangka mau gimana semua udah jadi nerima kan,N
811,hi minta tag aku dong atheilr trimakasii tco,O
812,mending mana nama tempat sama barang sama beda cabang tuker garansi jauh asli beli situ beli baru tempat deket thank you,O
813,hari sabtu lama banget udah muak sama pas,N
814,talig hang tag label baju gt trus kalo mau pasang baju ni tali gimana cara tco rnycpkrabi,O
815,meme jawa kaya gin dongg tia tco zlxobbipc,O
816,haloo no salty tp aku mau nanya sini pake ip pro aku mau beyi tp maju mundur kata cepet panas tp aku mau denger langsung penggunanyaa kalau kasi saran baik aku beyi ip pro segi tahan lama cont,O
817,berapa tahun d makasih banyaaak maaf kalo kata salah yaaah,O
818,ngilangin kuning tas tuh gimana sih guyss tas bahan kaya kain gitu,O
819,cwe under liat ootdnya liat tinggi sender nyari referensi,O
820,gin padahal udah diupdate tco,O
821,met jgn mam bnyk,E
822,kasih saran dong gimana biar ngejauh ga chat mulu sama minta main jujur bapek engga risih iya,O
823,au inggris ga spill,O
824,mi ni mal li ma ka ta tco qaz,O
825,klo baca buku inggris ningkatin skill tulis ga sebener nya baca nya nulis nya ga,O
826,pagi enak galau tco iwpdhvdywo,O
827,kalian pas brp hari guys,O
828,komplot begal tco,O
829,barusan gempa guys stay safe semua,C
830,gempa ga sih,O
831,rekomendasi bento cake lucu dong,O
832,bikin corat coret punya qr code brush ibis warna auto gradasi gitu gaakk tia,O
833,saran timbang digital badan kalian pake ngga mudah error dong guys punya sender baru pakai bulan dah error mau gantiii terus mending baterai usb,O
834,dengerin oceans engines nya nik buah seni galau diri,N
835,suka sebel ga sm org ngomong tuh lelet gitu kata per kata jd emosi sndiri,N
836,when you lost someone bingung mau ceritain random siapa bingung mau kirim foto sama video kucing lucu siapa mau kirim orang i already annoying to him d,N
837,gempa asa sampe depok ga si gais,O
838,mau bantuin isi padlet ultah buat temenku ngga beda kota ni gabisa ngasih surprise langsung klo mau aku dm linknya jangan open dm makasii,O
839,bnrnya jg tco,A
840,guys bahasa inggris jadi lebih siap uji apa yaaa,O
841,aku make concealer somethinc shade sand kalo esqa shade truffle apa pancake yah ken ganti soal heheheh,O
842,seru terus bagus bangeeet nyesel baru nonton saranin sejening gin dong nyata seru nonton orang pinter sharing sharing tco xvilxyfznf,E
843,orang ngatur admin serah adminnya lah mau ngapain twitter semua bebas gua sendiri ngga peduli kalau mrpk strategi partai biar pilih milu krn adminnya emang asik kok tco hahymxrtsh,O
844,ciwi ciwi kalian workout kalo red days hari workout ga libur dulu,O
845,leeseo ive mirip jedar apa gue doang ngerasa,O
846,halo aku mau tanyaaku udah sakit pinggang kiri bawah bulan sakit sampe kaki chat halodoc kata kena saraf tp kemarin konsul klinik tes urine ktnya infeksi salur kemihmau tnya kalo infeksi salur kemih smpe sakit kaki kahmungkin sini cont,O
847,dokter tau mslh kaki sakit bgt rasa,O
848,sick and tired,N
849,tangan kalian pernah gksih gatel kek gatelnya klo garuk jd agk panas gtu pls help gimana biar ga gatel lg btw jd agk lenting gtu dikit tco uokte,O
850,guys kira bagus mana buat anak sma biar sampe kuliah rekomendasi terima kasih tco dunw,O
851,cara biar twit tulis kayak gitu gimana tco flpxngskeg,O
852,mau nonton dimanaaa tco aakjrgycmk,O
853,tbtb pikir tahun kemaren ak ganti chairmate sampe kali dlm tahun apa aku bikin gnyaman chairmate akhir tu ky paksa karna mau naik kls abis naik kls lgsg pindah sekolah,N
854,self rewardku tiap minggu pas sabtu naik ojol biar cepet sampe rumah biasa macet an naik angkut umum kalau kalian,O
855,gais mau nanya kucing jamur gimana btw meng sekolah tco ypigvtclyp,O
856,dongg hehe tia tco,O
857,iri iri iri iri iri iri iri iri,N
858,sekarang apa apa kaya standar cantik chindo sender jalan sama temen cowo ngomongin chindo sama sama,O
859,mwt https tco fjq,E
860,mau tanya dong kalian umur pake skincare dr gak dipake org dewasa gas formula nya ngaruh kulit ga terimakasih,O
861,sender bu rencana mau jual kira jual apa banyak minat tia,O
862,orang ga pernah pacar tbtb pagiini ad blg kamu milik aku gwe hrus apa,O
863,rill tco,O
864,titip tolongin guys gimana tco,O
865,guys mau nanya kalo mau buat atm mandiri tuh kudu nginstal app livin dulu ga usah bank dulu kalo uda daftar baru bank nya emang gitu,O
866,pliss tolongin senderr panik bgt huhuu jadi aku kan bikin surat confess gtu crushku nah sender abis mandi cari tu surat g curiga baca kakak ortu aku mesti gimana ntarrr,O
867,classmeet mending turu rumah,N
868,aneh gak tco dydkkwbhdx,O
869,abis debat ama ortu perkara uang aku baru kasih uang bilang ngga syukur padahal aku butuh udah bulan lalu bilang ngga tau diri lah padahal udah telat banget ngasih uang udahlah cape aku jadi anggur disalahin mulu ngga cont,N
870,protes,N
871,bantuin sender nyari desain tunik simpel buat jahit dong bentar udah disuru motong kain tpi sender dapet inspirasi,O
872,how to speak fluent english serious answer only a thread,O
873,sgt kece bkan tco tjwxfb,E
874,mau nanya kan kata jaring mau mati ganti kartu gimana benar mati jaring internet kartu,O
875,saran gais tco jrf,O
876,capek tau tco vfi,N
877,cw rp roleplayer guys is it okay if i use kim garam ex le sserafim for my chara i miss her,O
878,aku bukan mau ikut aku erti ekonomi keluarga,C
879,cw food jadi sender beli ayam md kemarin soal pingin makan kriuk rencana makan nah hari kulit melempem cara biar balikin kriuk kriuknya gmn thankyou,O
880,iya soal aku ngga kerja suruh rumah aja kaka aku nganggur lebih tahun tetep kasih uang saku ngga nuntasin skripsi aku minta uang buat bootcamp sama beli laci buat baju lebih rumah biar ngga beranta apa daya cont,A
881,ngga jadi debat deh urus ama ortu aku skripsi dulu nyari duit sendiri emang cuma aku magadir rumah udah ngga kerja ngga minta uang emang pantes kok disaltyin aku tco todsqzdtbp,O
882,hari kamis tco inidyz,O
883,guys kirim foto ktm buat jadi timses cakabem aman ga sih takut wkwk,O
884,cuci piring kerja rumah paporit akuhh ceunah tco,O
885,dri kmarin guru gue kgk masuk kelass mlu dhh dri ampe pulang sekolah jamkos mulu,N
886,ttd digital terus stempel gak apa ttd basaah,O
887,tutup akhir tahun mau sharing dong apa masalah berat umur kalian sekarang bagaimana kalian keluar masalah sebut apa hikmah balik semua mungkin jadi ajar buat sender lain cont,O
888,makasih udah tahan jauh yaa kamu hebat terima kasih,E
889,kalian pernah ga sih kalo ngerjain soal tuh ga pd sama jawab sendiri padahal bener poko ngeliat jawab orang paling pinter kelas dulu baru lega jadi kaya gantung gitu,O
890,halo minta saran pilihin buku sini sender bingung mau milih kado ultah buat diri sendiri bulan depan kalau pernah baca jg kasih ripiu nya makasih https tco dprbero,O
891,kalo mau malang enak bawa budget berapa exclude inap soal rumah nenek,O
892,knp sptfy malah gak munc lirik pdhl update putar lagu lirik,O
893,misal temen sender post tiktok trs likes gak sender liat siapa aja like video kaya ig gt sori gaptek baru,O
894,duduk antri puskesmas trs cewe liatin terus apa samperin aja terus colok mata,O
895,udah ngegacha kali td gacha sekali yay nay,O
896,drop last chat with your mom,O
897,kelas gue dengerin lagu pake speaker ketawa gebrak meja teriak teriak rameee bangett ampe pusing dengernya,O
898,mau ngasih ig aku mutual lawan jenis udh lama kenal lama kok takut aku gendut gak cakep takut illfeel trs gamau teman lg sama sender,N
899,dilakukam orang tua profesional tco yfufkccdj,O
900,beda senar gitar nikel ukur sama asa banget ga soal gitar putus mau beli ofc store tinggal ukur pas browsing banyak nyaranin ukur aku mula btw,O
901,kalian punya kenang apa waktu usia tahun kalo sender nang gara rebut pop icebasreng sama abang btw bantu upp yukk anak susah buat dar makan sekolah tco,O
902,ken cpt lulus sekolahhh gue udah muakk bgt ketemu orang ituu aaakkkh benci bgt,N
903,cara hilang ngantuk tidur apa,O
904,halo kenan bantu like postan tugas aku ig aku dm thank uu,O
905,risih dichat gin nomor ga kenal emg nomor wa kalo beli olshop sebar jaman sekarang tco,N
906,meme gambar kucing dong guys tia,O
907,sender tugas pkwu bikin undang nah sender bingung mau kasi nama siapa mempelai kasih saran dong nama bagus nan estetik cwo cwe,O
908,cw luka minggu lalu kaki kena knalpot motor so far ga aku kasih apa apaa trs tbtb gelembung air nya gelembung air pecah kena gesek celana trs jadi kaya pict gatel bgt dipakein salep obat apa tco zxlvzt,O
909,clinic barcode nya udah ready,O
910,hi gimana hari,E
911,mau nanya dong face id dipake buat ngelock galeri gas jd kalo mau buka galeri photos pake face id gitu tco jegaykqz,O
912,ayo beri tau aku masukin lagu rock apa tco,O
913,gais download jurnal internasional gratis tu dmna yaa butuh bngt buat tugas uas huhuhu,O
914,apple music aku kan abis lama kalo aku masukin redeemcode bakal angus ga tco iqxwq,O
915,cinta cinta alas,O
916,siapa tahu ken nyimpen tco var,O
917,minta bantu gais paham per burung biru tco,O
918,kalian nonton ga tco,O
919,gais sender udah kelas sma punya skincare rutin mauuu bgt skincarean buat sehat kulit pake ss fw mz selalu jerawat detox emang ga cocok yaa beberapa hri udah pake fw garnier scrub muncul jerawat cont,N
920,kalian saran produk pas biasa dipake makasih banyak,O
921,nonton piala dunia dimanaa yow,O
922,mantan pernah dedikasiin lagu dawin dessert buat gue apa muka gue lihat kotak wadah bittersweet,N
923,yt bahas soal dunia pararel ga sih klo bahas nntn gtuan bgt pdhl percaya ga percaya wkwk,O
924,kalian bakal isi berapa tco,O
925,kalian aku wajar ngga sih kadang marah bt kalau tinggal tidur sama pacar masalah uda sering banget kadang hari tidur emang pelor sih aku awal oke cuma waktu aku lg feeling down aku butuh kadang cont,O
926,ngga krn tidur jadi aku feeling lonely kalau aku mau marah aku ngerasa gaenak,N
927,kalo ngetweet komunitas terus jbjb masuk mentab gak,O
928,peta topografi tuh sama aja kyak peta miring lereng ga sih,O
929,terkadang ketidaktahuan tetap jadi ketidaktahuan,O
930,mau meme kepala ledak gak,O
931,spotify error,O
932,at a payphone,O
933,ajar nguasain materi gw selalu ridi ulang tco bnlgtn,N
934,kalo gaada uang ga punya temen deket mau pulang waktu habis jalan jam nunggu kelas ngapain enak sender udah bosen nongkrong depan indomaret pustaka bosen tco rogibddbnu,O
935,aku hari ultah,O
936,forget to drink water guys aku ku kerja jam paling minum tuh teguk aja dlm hari kadang malah gak liat minum sama sekali imun gak kuat jd sakit,C
937,basreng kantin sekolah gueee enakkk bangettt garing pas engga keras rasa daun jeruk nya asa tco ibrquc,E
938,yah nama hidup kadang kidding,N
939,baru tau whatsapp sekarang avatarnya tco,E
940,panggil ky gin tu darimana apa modus tipu baru tadi telpon nomerku terus tco,O
941,solo trip jogja wdyt aku cewe,O
942,jjur ak gedeg bgt sm orang kerja gk sbrapa tp istirahat lama bgt kek soal ak bayar pake berlian ni maap maap aje trus kalo ak telat ngasi kerja gamau panjang jam kerja nya tco rdvu,N
943,tunjukkin chat nice try kalian dong ken liat teman juang ku,O
944,please help me choose tia tco oal,E
945,cara nyari info magang dmn,O
946,kertas biasa nemu yaa,O
947,w kan beliii sikat bulu mata yhaaa trs dateng banyak tuh emg pake lgsg buang apa gmana tco btas,O
948,gais blackpink teh punya lagu bahasa sunda temen aku denger musik meuni heboh make handsfree pas aku tanya denger musik apa bilang blackpink judulna ti pager,O
949,gua m dighosting sama f padahal udah deket bulan an f pernah ngeghosting sini kalo izin aku ketuk dm nya ken cerita sama nanya insight terima kasihh,O
950,kalian ga udah ga minat sama banyak kayak udah capek aja gitu,O
951,emang mia khalifa beneran udah tobat,O
952,mau suprise temenku virtual kata kalian cuekin hari pas ucapin ultahnya gimana gais no zoom gmeet yaa,O
953,klian pake moist sk ngame ngga buat ngurangin bruntusan sender maju mundur mw beli makasii,O
954,cara biar smngtt idup gmn yahh loyo bgtt asa,N
955,baru tau spotify lirik di translate bahasa indonesia tco,O
956,mau pict se vibe sama dongg tco cus,O
957,guys meme jenis gin dong tco xlpguxpt,O
958,ken survei rerata usia folls convo kalian tahun usia berapa,O
959,game offline seru apa aja guis,O
960,mo tanya aja kalian pernah gak ngerasa sama orang siapa pacar bestie kalian ngerasa jadi banyak baik dateng kalian gk selalu kyk aja gitu baik jadi bilang life savior lebih sih cuman kek gatau cont,O
961,dakh knp yh,N
962,aku rencana mau be yi hp bingung ip mini kalo make ip mini liat mirror selfienya ga aku mau bandingin soal makasihh,O
963,reapply sunscreen ga cuci muka dlu gpp,O
964,akun nya ijo bantu tag joelwafies tia,O
965,kl buat nugas kira jajan apa indoapril saran tia,O
966,kalian pernah ga sih nemu orang kaya gin jadi si a punya pacar si b punya pacar si a sama si b macam fwban kalau begini tuh kok,O
967,ges kl order mekdi mesin pake voucher app ga sih kl cara gmn,O
968,kalo ngelike playlist orang tau ga,O
969,guys inituh app spotitats kalo aku click delete my account app spotify bakal tia tco vzk,O
970,pas liat nilai jelek pas tau kelas ridi semua tco,E
971,rekomendasiin kuliner malang dong mau aku masukin list buat libur kesana,O
972,tato lutut sakit bgt gak,O
973,hai sini tiktok affilate kalo mau tanya dong aku mau coba tiktok affilate aku new bie,O
974,matmin sama gk ridi sama tco,O
975,klean nyalain notif mutual ga sini sejak kapan kalo berani tag dong orang,O
976,guyss kan aku tugasnah nilai nya liat dr like dipostingnya jadi mau minta bantu like nyaa link nya aku share by dm yaaa tia,O
977,guys aku kaget bgt nyata aku lama jadi selingkuhannyaa wkwkwk udh pcran sm cweknya hampir lebih ngaku jomblo pdhl pas aku stalk ignya haeduh gws buat cwok skrng jahat bangett lngsng aku cut off blokir semua,N
978,markicob unik apa sih sampe rekomendasi tco cjnl,O
979,pake smartfren sinyal nya tiba hilang ga kaya gin padahal tadi aman aja gitu tco,O
980,guys pernah gin gak kalo wifi nya matiin langsung gk jaring gilir aktifin wifinya sinyal tpi logo telpon gitu cara benerinnya gimana tco,O
981,minta saran jadi orang asyik selalu rame jb jb in dong,O
982,ga penting sih tp ni aku mau confess cowo gais mau baca ga aku ken tau kalo orang baca gmn bantu revisi mau ntar aku dm,O
983,enak main apa yak,O
984,januari besok tahun aku pake hp pas banget ultah aku jg enak upgrade ga kalian biasa upgrade handphone brp tahun sekali,O
985,haloo jadi sender baru aja gak sengaja ngehapus semua foto file penting hp permanen cara biar dibalikin gimana plss pusing banget,O
986,tetep semangat tengah gempur sempro semhas tco gdfce,E
987,halloo mau bantu ucapin wish padlet buat ultah temenku ga,O
988,wta nonton film me before you legal mana tia,O
989,rekomendasi lipbalm warna bibir dongg thx yaa,O
990,sate pas trnyata sgt enak aku beli dapet tusuk tco,O
991,wajar gas aku marah sepupu aku soal make barang barang enak bilang aku marah malah bilang lebay pelit,N
992,kalian pernah ngalamin gasih kalo tiap selalu mual gitu cuma beberapa menit aja ya btw aku nikah ga ngapa,O
993,guyss kemaren kan w format kartu sd gara ga mindahin file terus abis w format tu kartu sd w ga mau muncul hp pdhl udah w restart hpnya kira,O
994,ss clinic barcode nya udah ready,O
995,sakit perut mulu gak sih,O
