,Date,User,Tweet;;;
"0,2022-09-12 06:56:48+00:00,72Gar7,""_djoe  _permdi _  Boakakak... Malu nihyee... Mlh ngelawak. ";;;
"Makanya jgn baper dulğŸ¤ª""";;;
1,2022-09-12 06:55:50+00:00,riry_djoe,@72Gar7  _permdi _  tuh loe nulis â€œjadi alasan pemerintahâ€;;;
"2,2022-09-12 06:55:30+00:00,rezimruwet,"" Prestasi Nol, umbar pencitraan aja le le""";;;
3,2022-09-12 06:54:50+00:00,YunikaP02128244, Dieng pak gubernur..;;;
4,2022-09-12 06:53:48+00:00,Hardianto_AB,  _binsar Ganjar pranowo belom;;;
5,2022-09-12 06:53:28+00:00,b9352uyy, Luar Biasa NTT ğŸ‘ŒğŸ‘;;;
6,2022-09-12 06:52:09+00:00,FajarKaligo, Wah pak marakke pengen mulih pean niku;;;
"7,2022-09-12 06:51:45+00:00,ChebonxInsyaf,""__  Belajar ngatasi banjir noh masih belum surut.. Gegayaan ngajari toleransi.. ";;;
"Ngaji aja gelagepan si Den BOKEP.. ğŸ˜…ğŸ˜…""";;;
8,2022-09-12 06:51:28+00:00,draxorize,  Ini kah? 7 @_ekokuntadhi    _id  _Perjuangan  _Ind _online  _Ganesha _btp     4 ;;;
"9,2022-09-12 06:50:17+00:00,rezimruwet,"" Tunjukkan prestasi, jangan umbar pencitraan di medsos aja jar""";;;
"10,2022-09-12 06:49:47+00:00,OmBakalMulyo,"" Assalamualaikum pak, mohon maaf pak sblumnya.";;;
"Izin bertanya pak, mengenai Perpanjang STNK yang mungkin banyak orang mengalami keterlambatan/tunggakan jika tidak atas nama pribadi dan ingin """"Nembak KTP"""" ada tambahan biaya 275-300 itu karena adat atau gimana pak?ğŸ™""";;;
11,2022-09-12 06:48:59+00:00,72Gar7,_djoe  _permdi _  Dibagian mana gw blg itu alasan pemerintah?;;;
12,2022-09-12 06:48:36+00:00,RamahShinta, Semoga sukses ya dan sesuai keinginan dan harapan anak bangsa hebat;;;
13,2022-09-12 06:48:26+00:00,Hardianto_AB,  Menunggu ganjar pranowo;;;
14,2022-09-12 06:47:40+00:00,Dediy_orlando,1   Bener kang kudu dikerahkeun sadayana tapi kebanyakan pendukung  mah pasif teu jiga pendukung pak   nu masif tapi kalau udah dapet partai mah dijamin naek Elektabilitasna mantap sejarahna lamun aya Presiden kahiji ti Tanah Sunda;;;
"15,2022-09-12 06:47:19+00:00,Bagol91375512,""1505 _dimu54412940 __  3__nakula _Raharjo 85 7 _sauya  Tolol lu, dari dulu sudah dicap klo mimpin Jakarta akan jadi Suriah, buktinya mana? Jakarta sekarang malah lebih indah.";;;
"Propaganda lu udah basi, coba cari lagi narasi yg lebih bagus jangan jadi Suriah lagi Suriah lagi, ga laku bagi orangÂ² yg waras.""";;;
"16,2022-09-12 06:46:25+00:00,URaffa05,"" Pak bantuan sosial di kampung laut cilacap mohon di cek ulang.. Sangat tdk tepat sasaran. Yg dapat bansos kebanyakan cma sodara yg kerja di kantor desa az";;;
"Yg menyedihkan lagi.. Orang kya dapat yg miskin dg minim penghasilan malah tdk dapat""";;;
"17,2022-09-12 06:45:37+00:00,suryaamriza,"" Pertalite dibatasi untuk motor dan plat kuning aja sudah, ga bisa cm ngandelken tepo seliro Pak. Kl taxi plat hitam (gocar/grabcar), ya disesuaikan harganya untuk mengcover pakai Pertamax.""";;;
18,2022-09-12 06:45:16+00:00,draxorize,4 _Polri _ri Oke 7 @_ekokuntadhi    _id  _Perjuangan  _Ind _online  _Ganesha _btp     ;;;
19,2022-09-12 06:43:57+00:00,bedsandy,__  ;;;
20,2022-09-12 06:43:44+00:00,Hendri61364412,__  ;;;
21,2022-09-12 06:42:32+00:00,ananghr2018, ;;;
"22,2022-09-12 06:41:50+00:00,SitompulApul,""__  Ha ha ha ha ha ";;;
"Bohir tekor menang jg berat ğŸ˜‚ğŸ˜‚ğŸ˜‚ğŸ˜‚""";;;
"23,2022-09-12 06:41:26+00:00,adelia20181986,"" Keren pak  viva for president Indonesia 2024, Allah blessed u.""";;;
24,2022-09-12 06:40:18+00:00,XiaomiNote48,__  ;;;
"25,2022-09-12 06:39:17+00:00,KangdaniSeller,""__  cie cie cie,  sowan ke kadrun juga nie yeeee""";;;
26,2022-09-12 06:38:52+00:00,Toni24551456, ;;;
"27,2022-09-12 06:38:23+00:00,ChoerulImam11,""__  Kalau hitungan Setiap cara deklarasi 500 org x Rp 100000 =50jt";;;
Blm termasuk akomodasi dll,,;;;
"Kira2 itu duit dr manaâ€¦??ğŸ¤”ğŸ¤”ğŸ¤”""";;;
"28,2022-09-12 06:36:41+00:00,LaingenLisa,""Gubernur Jawa Tengah Ganjar Pranowo, Kita tidak akan kehabisan jalan selama tetap mau berjuang. Yakin, bisa! Selagi muda jangan takut capek, jangan takut berkelana dan jangan takut mewujudkan cita-cita. Itulah yang akan menguatkan jiwa dan ragamu. """;;;
"29,2022-09-12 06:36:39+00:00,setogenta,"" Sebagai putra daerah Wonosobo saya ikut bangga dan bahagia karena Kang Tugiman eeh Pak Gubernur Jawa Tengah sudah menyempatkan diri untuk datang ke Dieng. ";;;
Semoga Wonosobo makin moncer sebagai destinasi wisata .;;;
"I ğŸ¥° WONOSOBO""";;;
"30,2022-09-12 06:36:32+00:00,Sherly0ctaviany,""    Wkwkwkw..";;;
Ternyata Penjilat ;;;
doank .. kau ni ..;;;
Wkwkwwk ..;;;
Pantas saja... wkwkwkwkwk;;;
"
31,2022-09-12 06:36:07+00:00,HarsonoM1,__  
32,2022-09-12 06:35:19+00:00,micho_gue,JatengGembira bersama pak  dan pak _Hasan untuk kemaslahatan bersama.. ini udh jadi sedulur kabeh ğŸ‘‡ 
33,2022-09-12 06:35:12+00:00,hamine61956,Sehat slalu pak _Hasan &amp; pak  jangan lelah utk berbuat kebaikanğŸ¤ JaltengGembira 
34,2022-09-12 06:34:21+00:00,parwatyRizky,85020812  Pak Salim rumiyen lah pak aja jalan pakğŸ¤£
35,2022-09-12 06:32:42+00:00,hamine61956,Seru banget acaranya, mengajak untuk hidup sehat. Mantap pak _Hasan &amp";" pak  JatengGembira """;;
36,2022-09-12 06:31:19+00:00,BuyungIswanto, Mugi2 jenengan dados presiden.;;;
37,2022-09-12 06:31:00+00:00,kesyacloudy,  gubernur terbaik sepanjang masa GanjaranApps;;;
"38,2022-09-12 06:30:39+00:00,FerryflashC,""PAK  LAH PRESIDENYA 2024! ALLAHUAKBAR!";;;
"
39,2022-09-12 06:30:17+00:00,queencaca09,  hanya pak ganjar yg selalu memperhatikan rakyatnya GanjaranApps
40,2022-09-12 06:29:52+00:00,riry_djoe,@72Gar7  _permdi _  dibagian mana pemerintah bilang alasan naikin bbm gara2 tol laut?
41,2022-09-12 06:29:37+00:00,hamine61956,Pak  juga selalu memonitor dlm persiapan Muktamar melalui koordinasi dengan Walikota. JatengGembira
42,2022-09-12 06:29:13+00:00,hamine61956,Sedangkan pak  menyampaikan bahwa partisipasi ribuan warga dalam kegiatan jalan sehat merupakan wujud antusiasme Jateng menyambut Muktamar Muhammadiyah &amp; 'Aisyiyah JatengGembira
43,2022-09-12 06:28:53+00:00,myisma_,  terimakasih pak sudah memudahkan umkm  GanjaranApps
44,2022-09-12 06:28:04+00:00,sahabatganjar,Peringati Haornas 2022, Ganjar Pranowo memberikan penghargaan kepada lima daerah yang unggul dalam bidang olahraga.";;;
;;;
Ganjar mengajak agar setiap daerah di Jateng dapat mengembangkan sport tourism yang berkelanjutan.;;;
;;;
"SahabatGanjar Ganjar ganjarpranowo """;;;
"45,2022-09-12 06:27:55+00:00,hamine61956,""Ada momen unik ketika duo sahabat lama, sosok nasionalis religius, dipertemukan dalam kegiatan ini. Yaitu pak _hasan &amp";" pak  JatengGembira""";;
"46,2022-09-12 06:27:44+00:00,sanipar7,""__  Cieeee akhirnya terbuka jga jgn munafik bong... politik indentitas cma untuk cebong klw kadrun gak boleh.....";;;
"Hahahaha margasatwa""";;;
47,2022-09-12 06:27:43+00:00,AntiCukong,__  ğŸ¤£ğŸ¤£ğŸ¤£ğŸ¤£ğŸ‘‡ğŸ‘‡ ;;;
48,2022-09-12 06:27:36+00:00,DianaLopik12,  inovasi yg luar biasa;;;
"49,2022-09-12 06:27:33+00:00,monkeypoxindo,"" Please leaked data of ganjar pranowo, governir of central java, are he boostervaccine or no""";;;
"50,2022-09-12 06:27:29+00:00,Boltcrank6,""  Lha, kan boleh isi di jirigen asal dpt rekom dari kades setempat.""";;;
51,2022-09-12 06:27:19+00:00,flowerbean83,  semoga bisa membantu banget pak GanjaranApps;;;
52,2022-09-12 06:27:14+00:00,TifaFaizin,22nyscraft  ğŸ‘ğŸ‘ğŸ‘ğŸ’ªğŸ’ª;;;
53,2022-09-12 06:27:01+00:00,AntiCukong,__  ğŸ˜‚ğŸ˜‚ğŸ‘‡ğŸ‘‡ ;;;
"54,2022-09-12 06:26:47+00:00,JudahLion88,"" Jangan ada pencitraan di antara kita Pak Dhe.";;;
Kapan muleh Omahmu nang Ende Pak? ğŸ˜…;;;
;;;
"Omah Pancasila. ğŸ¤ª""";;;
55,2022-09-12 06:26:19+00:00,RizkiR4madani,  Gaess..â™¥ï¸ğŸ‡²ğŸ‡¨ğŸ‡²ğŸ‡¨âœŠ ;;;
"56,2022-09-12 06:26:10+00:00,bpt_pwd,""Hallo sahabatjalancantik ";;;
Pekerjaan Rutin Pemeliharaan Jalan dan Jembatan;;;
Balai Pengelolaan Jalan Wilayah Purwodadi.;;;
JatengLawanCorona;;;
bersamalawancorona;;;
;;;
;;;
;;;
;;;
;;;
;;;
;;;
;;;
;;;
;;;
" """;;;
"57,2022-09-12 06:26:09+00:00,SalimCipok,""Dalam rangka Muktamar Muhammadiyah dan â€˜Aisyiyah ke-48.";;;
Muhammadiyah menggelar jalan sehat lurr ğŸš¶â€â™€ï¸ğŸš¶â€â™‚ï¸ğŸš¶â€â™€ï¸ğŸš¶â€â™‚ï¸;;;
Peserta Jalan sehat yang rata -rata warga Muhammadiyah dan masyarakat di Semarang itu nampak antusias mengkerubuti pak  saking senengnya ğŸ¥°;;;
;;;
"he he he, cipok ğŸ’‹ğŸ’‹ """;;;
"58,2022-09-12 06:26:00+00:00,bpt_pwd,""Hallo sahabatjalancantik ";;;
Pekerjaan Rutin Pemeliharaan Jalan dan Jembatan;;;
Balai Pengelolaan Jalan Wilayah Purwodadi.;;;
JatengLawanCorona;;;
bersamalawancorona;;;
;;;
;;;
;;;
;;;
;;;
;;;
;;;
;;;
;;;
;;;
" """;;;
"59,2022-09-12 06:25:43+00:00,bpt_pwd,""Hallo sahabatjalancantik ";;;
Pekerjaan Rutin Pemeliharaan Jalan dan Jembatan;;;
Balai Pengelolaan Jalan Wilayah Purwodadi.;;;
JatengLawanCorona;;;
bersamalawancorona;;;
;;;
;;;
;;;
;;;
;;;
;;;
;;;
;;;
;;;
;;;
" """;;;
60,2022-09-12 06:25:42+00:00,AntiCukong,__  ğŸ¤£ğŸ¤£ğŸ¤£ğŸ‘‡ğŸ‘‡ ;;;
"61,2022-09-12 06:25:39+00:00,hamine61956,""Pra Muktamar Muhammadiyah mempertemukan dua sosok sahabat nasionalis religius, mereka adlh pak _Hasan &amp";" pak  JatengGembira""";;
62,2022-09-12 06:25:36+00:00,Yunia_1406win,_rozaq  Jan jane situ orang MU or NU?;;;
63,2022-09-12 06:25:28+00:00,AntiCukong,__  ğŸ˜‚ğŸ˜‚ğŸ‘‡ğŸ‘‡ ;;;
64,2022-09-12 06:25:06+00:00,enny2433, ğŸ‘;;;
"65,2022-09-12 06:25:01+00:00,bpt_pwd,""Hallo sahabatjalancantik ";;;
Pekerjaan Pemadatan Bahu Jalan;;;
Balai Pengelolaan Jalan Wilayah Purwodadi.;;;
JatengLawanCorona;;;
bersamalawancorona;;;
;;;
;;;
;;;
;;;
;;;
;;;
;;;
;;;
;;;
;;;
" """;;;
66,2022-09-12 06:24:57+00:00,sandrarahman12,  wah ide bagus nih pak GanjaranApps;;;
67,2022-09-12 06:24:54+00:00,enny2433, ğŸ‘;;;
"68,2022-09-12 06:24:48+00:00,bpt_pwd,""Hallo sahabatjalancantik ";;;
Pekerjaan Pemadatan Bahu Jalan;;;
Balai Pengelolaan Jalan Wilayah Purwodadi.;;;
JatengLawanCorona;;;
bersamalawancorona;;;
;;;
;;;
;;;
;;;
;;;
;;;
;;;
;;;
;;;
;;;
" """;;;
69,2022-09-12 06:24:44+00:00,swyinhere,Bapak  menyampaikan bahwa partisipasi banyaknya warga dalam kegiatan jalan sehat merupakan wujud antusiasme dan loyalitas Jateng menyambut Muktamar Muhammadiyah &amp; 'Aisyiyah JatengGembira;;
"70,2022-09-12 06:24:38+00:00,buditara10,""  ngadunya ke tiktok pak,,hahaha""";;;
"71,2022-09-12 06:24:37+00:00,bpt_pwd,""Hallo sahabatjalancantik ";;;
Pekerjaan Pemadatan Bahu Jalan;;;
Balai Pengelolaan Jalan Wilayah Purwodadi.;;;
JatengLawanCorona;;;
bersamalawancorona;;;
;;;
;;;
;;;
;;;
;;;
;;;
;;;
;;;
;;;
;;;
" """;;;
72,2022-09-12 06:24:01+00:00,siswoyodios, ğŸ‘;;;
"73,2022-09-12 06:23:48+00:00,bpt_pwd,""Hallo sahabatjalancantik ";;;
Pekerjaan Rutin Pemeliharaan Jalan dan Jembatan;;;
Balai Pengelolaan Jalan Wilayah Purwodadi.;;;
JatengLawanCorona;;;
bersamalawancorona;;;
;;;
;;;
;;;
;;;
;;;
;;;
;;;
;;;
;;;
;;;
" """;;;
74,2022-09-12 06:23:47+00:00,kesittt,4madani  Gasssspolll ajaaah;;;
"75,2022-09-12 06:23:32+00:00,bpt_pwd,""Hallo sahabatjalancantik ";;;
Pekerjaan SILENT;;;
Balai Pengelolaan Jalan Wilayah Purwodadi.;;;
JatengLawanCorona;;;
bersamalawancorona;;;
;;;
;;;
;;;
;;;
;;;
;;;
;;;
;;;
;;;
;;;
" """;;;
"76,2022-09-12 06:23:08+00:00,bpt_pwd,""Hallo sahabatjalancantik ";;;
Pekerjaan Rutin Pemeliharaan Jalan dan Jembatan;;;
Balai Pengelolaan Jalan Wilayah Purwodadi.;;;
JatengLawanCorona;;;
bersamalawancorona;;;
;;;
;;;
;;;
;;;
;;;
;;;
;;;
;;;
;;;
;;;
" """;;;
"77,2022-09-12 06:22:58+00:00,bpt_pwd,""Hallo sahabatjalancantik ";;;
Pekerjaan SILENT;;;
Balai Pengelolaan Jalan Wilayah Purwodadi.;;;
JatengLawanCorona;;;
bersamalawancorona;;;
;;;
;;;
;;;
;;;
;;;
;;;
;;;
;;;
;;;
;;;
" """;;;
78,2022-09-12 06:22:36+00:00,prijujur1,__  Benturkan GP dg Jkw ;;;
"79,2022-09-12 06:22:33+00:00,bpt_pwd,""Hallo sahabatjalancantik ";;;
Pekerjaan Rutin Pemeliharaan Jalan dan Jembatan;;;
Balai Pengelolaan Jalan Wilayah Purwodadi.;;;
JatengLawanCorona;;;
bersamalawancorona;;;
;;;
;;;
;;;
;;;
;;;
;;;
;;;
;;;
;;;
;;;
" """;;;
"80,2022-09-12 06:22:20+00:00,bpt_pwd,""Hallo sahabatjalancantik ";;;
Pekerjaan Rutin Pemeliharaan Jalan dan Jembatan;;;
Balai Pengelolaan Jalan Wilayah Purwodadi.;;;
JatengLawanCorona;;;
bersamalawancorona;;;
;;;
;;;
;;;
;;;
;;;
;;;
;;;
;;;
;;;
;;;
" """;;;
"81,2022-09-12 06:22:09+00:00,ShofwanMuis,""89    Di sana keseringan dijanji gak ditepatin. Jadi heran pas ada janji kampanye yang ditepati, bang.""";;;
"82,2022-09-12 06:22:06+00:00,BpjPekalongan,""PENINGKATAN JALAN KEBONAGUNG-BTS KAB. BATANG";;;
Trial Compaction AC-BC (Coredrill) ;;;
KM 39+150 - KM 39+300 Kanan;;;
 ;;;
;;;
JatengGayeng ;;;
JalanCantik;;;
CintaLapangan ;;;
"SupervisiJateng2022 """;;;
"83,2022-09-12 06:22:06+00:00,bpt_pwd,""Hallo sahabatjalancantik ";;;
Pekerjaan Rutin Pemeliharaan Jalan dan Jembatan;;;
Balai Pengelolaan Jalan Wilayah Purwodadi.;;;
JatengLawanCorona;;;
bersamalawancorona;;;
;;;
;;;
;;;
;;;
;;;
;;;
;;;
;;;
;;;
;;;
" """;;;
84,2022-09-12 06:22:04+00:00,RizkiR4madani, ğŸ‘ğŸ‘â™¥ï¸ğŸ‡²ğŸ‡¨âœŠ SahabatGanjar GANTARI GANESA Ganjarist Dan Para Sobat Relawan Akar Rumput..Yg Menginginkan Beliau Pak  Presiden RIğŸ‡²ğŸ‡¨2024-2029 Tetap Semangat..âœŠâœŠğŸ’ª;;;
85,2022-09-12 06:21:58+00:00,KibSima,  memudahkan umkm GanjaranApps;;;
"86,2022-09-12 06:21:52+00:00,bpt_pwd,""Hallo sahabatjalancantik ";;;
Pekerjaan Rutin Pemeliharaan Jalan dan Jembatan;;;
Balai Pengelolaan Jalan Wilayah Purwodadi.;;;
JatengLawanCorona;;;
bersamalawancorona;;;
;;;
;;;
;;;
;;;
;;;
;;;
;;;
;;;
;;;
;;;
" """;;;
87,2022-09-12 06:21:50+00:00,Indonesia_Pedia,Gubernur Ganjar Pranowo mengapresiasi semangat para pendeta dari Maluku dalam rangka merawat toleransi. Ganjar senang bisa berbagi banyak hal dalam upayanya merawat perbedaan dan toleransi antarumat beragama di Jateng.;;;
"88,2022-09-12 06:21:47+00:00,Indonesia_Pedia,""Ketua Sinode GPM, Pendeta Elifas Tomix Maspaitella menilai, Gubernur Ganjar Pranowo punya kepemimpinan yang baik ditiru dalam hal menjaga toleransi antarumat.""";;;
"89,2022-09-12 06:21:46+00:00,Indonesia_Pedia,""Puluhan Pendeta dari Maluku Datangi Ganjar, Belajar Rawat Toleransi Antarumat";;;
;;;
"Kemajemukan masyarakat Jawa Tengah menginspirasi puluhan Pendeta dari Maluku untuk belajar tentang toleransi. Dalam rangkaian lawatan, mereka ditemui Gubernur , Minggu (11/9). """;;;
"90,2022-09-12 06:21:36+00:00,bpt_pwd,""Hallo sahabatjalancantik ";;;
Pekerjaan Rutin Pemeliharaan Jalan dan Jembatan;;;
Balai Pengelolaan Jalan Wilayah Purwodadi.;;;
JatengLawanCorona;;;
bersamalawancorona;;;
;;;
;;;
;;;
;;;
;;;
;;;
;;;
;;;
;;;
;;;
" """;;;
"91,2022-09-12 06:21:22+00:00,bpt_pwd,""Hallo sahabatjalancantik ";;;
Pekerjaan Rutin Pemeliharaan Jalan dan Jembatan;;;
Balai Pengelolaan Jalan Wilayah Purwodadi.;;;
JatengLawanCorona;;;
bersamalawancorona;;;
;;;
;;;
;;;
;;;
;;;
;;;
;;;
;;;
;;;
;;;
" """;;;
92,2022-09-12 06:20:27+00:00,seeyoucalvin, â¤ï¸;;;
"93,2022-09-12 06:20:00+00:00,elyamo_nih,""Terjalin silaturrahim yg semakin erat &amp";" kompak antara duo besti till jannah ya pak, InsyaAllahğŸ•Š _Hasan  JatengGembira """;;
94,2022-09-12 06:19:22+00:00,prijujur1,__  Ayo benturkan GP dg Jkw ;;;
95,2022-09-12 06:19:10+00:00,RizaValdi,  alhamdulillah terimakasih pak GanjaranApps;;;
"96,2022-09-12 06:18:28+00:00,bintoro_89,"" Apa yang dijuangkan?";;;
"Kekuasaan???""";;;
97,2022-09-12 06:18:00+00:00,ganjarpranowo,Terimakasih anak-anakku dari Ende NTT yang sudah mampir dan memberi penampilan yang luar biasa. Hati2 di jalan. Salam buat saudara2 yang ada di sana.;;;
"98,2022-09-12 06:17:46+00:00,ganjarpranowo,""Kita tidak akan kehabisan jalan selama tetap mau berjuang. Yakin, bisa! Selagi muda jangan takut capek, jangan takut berkelana dan jangan takut mewujudkan cita-cita. Itulah yang akan menguatkan jiwa dan ragamu. """;;;
99,2022-09-12 06:16:55+00:00,elyamo_nih,Damai sekaliii _Hasan  JatengGembira ;;;
"100,2022-09-12 06:16:29+00:00,jijindut,""Juara atau Penghargaan bukan tujuan, yang paling penting bagaimana Investasi itu bisa dipermudah..!! ";;;
 ;;;
;;;
SahabatGanjar ;;;
GanjarPranowo ;;;
"Ganjar """;;;
"101,2022-09-12 06:16:26+00:00,humasjateng,""Gubernur  &amp"; Wagub   menerima penghargaan Anugerah Jawa Pos Radar Semarang 2022. Penghargaan diberikan atas upaya Gubernur &amp; Wagub dalam membangun Jawa Tengah melalui berbagai inovasi &amp; memberikan inspirasi kepada banyak pihak.
;;;
" """;;;
102,2022-09-12 06:15:33+00:00,prijujur1,__  Ayonbenturkan GP dg Jkw ;;;
"103,2022-09-12 06:14:55+00:00,ganjar_pedia,""Pariwisata Lewat Tour De Muria";;;
;;;
***Trending Twitter***;;;
"BBMNaikRakyatRevolusi | Bjorka | Salernitana | Bali | Heker | BrajamustiBaik | Senin | Munir | PSSI | Siang | SrikandiAbdiNegeri | Apel Pagi | ganjarpranowo | ganjar pranowo """;;;
"104,2022-09-12 06:14:14+00:00,elyamo_nih,""Ohh, pantess padet banget. Ternyata ada 2 ssok pemimpin yg datang memenuhi undangan Jalan Sehat di Jateng dlm rangka menyambut Muktamar Muhammadiyah &amp"; 'Aisyiyah ke-48ğŸ‘ pak _Hasan &amp;" pak  JatengGembira """;
"105,2022-09-12 06:14:00+00:00,jijindut,""Gubernur Jateng ";;;
mengecek Gudang Bulog Jateng, ;;;
;;;
Pada kesempatan itu Beliau mengatakan bahwa stok beras masih berlimpah ruah.. ;;;
;;;
SahabatGanjar ;;;
GanjarPranowo ;;;
"Ganjar """;;;
"106,2022-09-12 06:13:55+00:00,ganjar_pedia,""Jateng Siap Sukseskan Muktamar Muhammadiyah";;;
;;;
***Trending Twitter***;;;
"BBMNaikRakyatRevolusi | Bjorka | Salernitana | Bali | Heker | BrajamustiBaik | Senin | Munir | PSSI | Siang | SrikandiAbdiNegeri | Apel Pagi | ganjarpranowo | ganjar pranowo """;;;
"107,2022-09-12 06:13:23+00:00,tata_yulhan,"" Yg kayak begini, wah parah..""";;;
108,2022-09-12 06:13:16+00:00,anayrus7,__  Amin...semoga Chusnul chotimah;;;
"109,2022-09-12 06:12:38+00:00,EdyKiantolol,""_Reis_  89    pembangunan ditarik ke politis itu baru oleh jokowi sih. sebelumnya kita taunya pembangunan itu berkesinambungan, dijadikan senjata politik oleh jkw ketika mengatakan mangkrak2 itu. Padahal mangkraknya karena itu bukan karena ketidak inginan/beranian politis""";;;
110,2022-09-12 06:11:27+00:00,awantimur1,  could you open about  to sir!;;;
"111,2022-09-12 06:10:06+00:00,GanjarKu_,""Sukses Muktamar Muhammadiyah";;;
;;;
***Trending Twitter***;;;
"BBMNaikRakyatRevolusi | Bjorka | Salernitana | Bali | Heker | BrajamustiBaik | Senin | Munir | PSSI | Siang | SrikandiAbdiNegeri | Apel Pagi | ganjarpranowo | ganjar pranowo """;;;
112,2022-09-12 06:09:55+00:00,TanAnsori, Tetap Ganjar Pranowo ğŸ‘ğŸ‘ŒğŸ’ª;;;
"113,2022-09-12 06:09:47+00:00,dheni_wahyu_s,""__  Hehee aku baru tau juga iseng2, soale tau ne simo sama pusat, kok tau2 ada cepogo,, Oalahh musuk, ya tau lewat sih, klo dlu awalnya klo ke selo lwt musuk, skrg lewat lestarindo""";;;
114,2022-09-12 06:09:33+00:00,Partono_ADjem,Klo kurang kekuatan bisa minta tolong Ultraman JatengGembira _Hasan  ;;;
115,2022-09-12 06:09:23+00:00,priyonggo_eko, _jateng Pak Ganjar yg terhormat tlong dong minta bantuannya untuk pembenahan antrian RSUD Purwodadi kasian pak paseinya cuma nunggu obat masak sampai setengah hari pak matur suwun pak;;;
"116,2022-09-12 06:08:45+00:00,GanjarKu_,""Stok Pangan di Jateng Aman";;;
;;;
***Trending Twitter***;;;
"BBMNaikRakyatRevolusi | Bjorka | Salernitana | Bali | Heker | BrajamustiBaik | Senin | Munir | PSSI | Siang | SrikandiAbdiNegeri | Apel Pagi | ganjarpranowo | ganjar pranowo """;;;
117,2022-09-12 06:08:28+00:00,cahtrowongan, Nonton bokep ngga Pak?;;;
118,2022-09-12 06:08:21+00:00,recovery1505,5  __  3__nakula _Raharjo 85 7 _sauya  ;;;
"119,2022-09-12 06:08:01+00:00,RadenKianSayang,""   Wkwkwkw..";;;
Ternyata Penjilat  doank .. kau ni ..;;;
Wkwkwwk ..;;;
"Pantas saja... wkwkwkwkwk""";;;
120,2022-09-12 06:07:15+00:00,recovery1505,_dimu54412940  1 __  3__nakula _Raharjo 85 7 _sauya   Pendukung c anis pasti bilang hoak video nyağŸ˜ğŸ˜ğŸ˜;;;
"121,2022-09-12 06:06:00+00:00,recovery1505,""1375512 _dimu54412940 __  3__nakula _Raharjo 85 7 _sauya  Pekok lu,kl dia yg pimpin indo ancur kaya suriah lu mo tanggung jawab?""";;;
122,2022-09-12 06:05:50+00:00,NelsonGultom,__  3__nakula _Raharjo 85 7 _sauya  Menilai yg baik cukup lihat teman dan kelompoknya ada ga dr kelompok serta pendukung  khilafah...?;;;
123,2022-09-12 06:05:28+00:00,jayywof,_Hasan  KEREN pak jatenggembira;;;
124,2022-09-12 06:05:12+00:00,Rereeeee_20,ACARA JALN SEHAT DI JatengGembira _Hasan  ;;;
125,2022-09-12 06:04:59+00:00,Vanbasten853nh,__  Cie cenull ganti profil .. identitas ngislam...;;;
126,2022-09-12 06:04:29+00:00,Rereeeee_20,JJin dulu ya pak punten _Hasan  JatengGembira ;;;
127,2022-09-12 06:04:14+00:00,Rereeeee_20,Sahabat till jannah _Hasan  dah cocok bgt nihh JatengGembira ;;;
128,2022-09-12 06:04:00+00:00,recovery1505, __  3__nakula _Raharjo 85 7 _sauya  Fitnah blog;;;
"129,2022-09-12 06:03:43+00:00,recovery1505,""_Saffira  __  3__nakula _Raharjo 85 7 _sauya  Kasi tau c kadrun mba,nghoak mulu""";;;
130,2022-09-12 06:02:53+00:00,Rereeeee_20,Ketika bestie bertemu _Hasan  JatengGembira ;;;
"131,2022-09-12 06:02:34+00:00,72Gar7,""_djoe  _permdi _  Bangga2in tol laut tujuannya biar rakyat sejahtera. ";;;
Eh mlh jd alasan naikin BBM. ;;;
"Kocak...""";;;
132,2022-09-12 06:02:25+00:00,recovery1505,__  3__nakula _Raharjo 85 7 _sauya  Ganjar lah pribumi;;;
133,2022-09-12 06:02:21+00:00,rustaman_uus,  Wih gabener genjer kampanye trs... Pantesan az ;;;
134,2022-09-12 06:02:13+00:00,Rereeeee_20,rame ramee ada apanih di jawa tengah _Hasan  JatengGembira ;;;
135,2022-09-12 06:01:49+00:00,Redbhvr,Kirain ultramen doang yg bestie an tau2 _Hasan  akrab benerr JatengGembira ;;;
136,2022-09-12 06:01:29+00:00,Redbhvr,Terpantau _Hasan dan pak  JatengGembira ;;;
"137,2022-09-12 06:01:28+00:00,trend_cui,""Sosok pemimpin religius nasionalis kalau udah bersatu semua lawan pada sungkan untuk bertarung di Pemilu 2024.";;;
_Hasan ;;;
 ;;;
"JatengGembira """;;;
138,2022-09-12 06:01:08+00:00,aguspurnomo444,__  wkks Politik identitas ğŸ˜€ğŸ˜€ğŸ˜€ itu jatah 50K disunat lagi jadi 10K ntar treak treak  nul cenul;;;
139,2022-09-12 06:01:01+00:00,kentshoes,__  ;;;
140,2022-09-12 06:00:52+00:00,elyamo_nih,Pak  juga menyampaikan bahwa partisipasi ribuan warga Jateng dalam kegiatan Jalan Sehat merupakan wujud antusiasme Jateng dlm menyambut Muktamar Muhammadiyah &amp; 'Aisyiyah JatengGembira;;
141,2022-09-12 06:00:44+00:00,Rereeeee_20,Ada Apaa yaa ribuan manusia berkumpull ?? JatengGembira _Hasan  ;;;
"142,2022-09-12 06:00:12+00:00,trend_cui,""Plepasan peserta jalan kaki dipimpin lngsung oleh Pak  dan Pak _Hasan, dua ssok yang diknal sbg rligius nsionalis jg diknal sbg ssok milenial. Peserta yang hadir pd kgiatan Gebyar mrupakan perwakilan masing2 wilayah skitar 10 ribu. ";;;
"JatengGembira """;;;
"143,2022-09-12 05:59:56+00:00,trend_cui,""Ribuan warga pada ngumpul di Alun-Alun Batang ternyata pada ikut memeriahkan Gebyar jalan sehat dalam rangka menyambut kegiatan Muktamar Muhammadiyah dan Aisyiyah yang ke 48, yang dihadiri oleh Pak _Hasan dan   dua tokoh nasionalis religius. ";;;
"JatengGembira """;;;
144,2022-09-12 05:59:47+00:00,Dikasuci11,_gue _Hasan  Mau berubah hehehe;;;
145,2022-09-12 05:58:43+00:00,jayywof,Mas  menyampaikan bahwa partisipasi ribuan warga dalam kegiatan jalan sehat merupakan wujud antusiasme Jateng menyambut Muktamar Muhammadiyah &amp; 'Aisyiyah JatengGembira ;;
146,2022-09-12 05:58:02+00:00,heyitsrcfi,Pak Mendag ke Jawa Tengah menghadiri acara sekalian ketemu bestie _Hasan  JatengGembira ;;;
147,2022-09-12 05:57:57+00:00,Putra_ado, Tapi gapura ne neng wonosobo pak;;;
148,2022-09-12 05:57:55+00:00,micho_gue,11 _Hasan  Chiiaatttt... Chiiiaaatttt... Chiiatttt;;;
"149,2022-09-12 05:57:54+00:00,aviation603,""45Broo_ So pasti Pak  menang soalnya Kami merasakan lgsg SD, SMP, SMU/K negeri ga ada uang SPP gratis trus setiap bulan dpt bantuan beli perlengkapan sekolah &amp"; buat uang saku. ;;
"Pokoknya banyak deh bermacam bantuan yang diterima setiap bulan mulai dari anakÂ² sampai lansia""";;;
150,2022-09-12 05:57:39+00:00,micho_gue,11 _Hasan  Jadi ultramennnnn ya brooo;;;
"151,2022-09-12 05:56:55+00:00,elyamo_nih,""Ada momen unik &amp"; langka ketika duo sahabat lama, sosok yg nasionalis religius dipertemukan dalam kegiatan ini. Yaitu pak _hasan &amp;" pak  ğŸ¤JatengGembira""";
"152,2022-09-12 05:56:53+00:00,veroaktivis,""  Lebih mudah ya pembelian BBM di era JKW dibanding era SBY..";;;
;;;
Era SBY beli BBM RIBET, sekrang mudah cukup pakai App myPertamini dari Rumah BBM diantar..;;;
;;;
"Waduh udah jam 8 pagi. Kesiangan kebanyakan mimpi indah.""";;;
153,2022-09-12 05:56:44+00:00,heyitsrcfi,Apaa yaa seruu bingitttss JatengGembira _Hasan  ;;;
"154,2022-09-12 05:56:41+00:00,mak_Ganjarjogja,""Alhamdulillah";;;
Mak Ganjar DIY Bersilaturahmi dan Berbagi Dengan Masyarakat Di Kabupaten Bantul, Khususnya Pedukuhan Serayu Bantul. ;;;
;;;
"Mereka sangat mencintai sosok bapak Ganjar Pranowo dan turut mendoakan bapak Ganjar menjadi Presiden RI 2024 """;;;
"155,2022-09-12 05:56:17+00:00,americi11,""Selain itu mas  juga selalu memonitor persiapan Muktamar melalui koordinasi dengan Walikota. JatengGembira";;;
;;;
"
156,2022-09-12 05:55:19+00:00,Jallygoezt_23, Ke blora lewat purwodadi pak . Coba pake metic beneran lewat pada turun
157,2022-09-12 05:55:03+00:00,jayywof,Terdapat momen unik ketika duo sahabat lama, sosok nasionalis religius, dipertemukan dalam kegiatan ini. Yaitu pak _hasan &amp";" mas  JatengGembira """;;
"158,2022-09-12 05:54:41+00:00,likha___,""pak   ini gimana pak ? Solar di jepara kok susah, mosok beli solar buat nelayan gaboleh pakek dligen?  lha harus pakek prau langsung? peraturannya kok rumit sekali ya pak. kasihan kami rakyat kecil. """;;;
159,2022-09-12 05:53:59+00:00,heyitsrcfi,Sosok pemimpin Panutan Bersatuuu _Hasan  JatengGembira ;;;
160,2022-09-12 05:53:47+00:00,pacaxsiw,pra muktamar muhammadiyah semoga menjadi pintu keberhasilan pak  dan pak _Hasan ğŸ™ JatengGembira ;;;
"161,2022-09-12 05:53:25+00:00,rannisa__,""_wahyu_s  Mayan mas kalo dari kota (rumahku) 30 menitan. Tengah ndeso sih mas soale wkwk tp aku malah baru tau bakso sera ada di selo dr kamu ini mas";;;
"Di kud musuk mas kalo langgananku beli susu. Tau musuk? Nek sering dolan tau kudune wkwk""";;;
"162,2022-09-12 05:52:25+00:00,Partono_ADjem,""Ini bukan di Patriot Bekasi, bukan di Pakansari, apalagi di Pademangan Internasional Stadium.";;;
;;;
Spirit of Java;;;
Damai+Sehat;;;
_Hasan ;;;
"JatengGembira """;;;
"163,2022-09-12 05:52:19+00:00,aseepdan,""Mas  menyampaikan bahwa partisipasi ribuan warga dalam kegiatan jalan sehat merupakan wujud antusiasme Jateng menyambut Muktamar Muhammadiyah &amp"; 'Aisyiyah;;
Cocok juga nih mas  dan _Hasan;;;
 JatengGembira;;;
;;;
"
164,2022-09-12 05:52:12+00:00,mfk_id, __  X
165,2022-09-12 05:51:22+00:00,heyitsrcfi,Apaniii dua sahabat lamaaa sedang berjumpaaa â¦_Hasanâ© &amp; â¦â© super kombooo JatengGembira 
166,2022-09-12 05:50:40+00:00,Chef212Moeslim,__  
167,2022-09-12 05:50:29+00:00,jayywof,momen unik ketika duo sahabat lama, sosok nasionalis religius, dipertemukan dalam kegiatan ini. Yaitu pak _hasan &amp";" mas  JatengGembira """;;
"168,2022-09-12 05:50:12+00:00,dheni_wahyu_s,""__  Hehee yg searah pulang mbk, yg cabang cepogo,,, yg pusat jauh nggk tha mbk,, kalo beli susu dimana mbk""";;;
"169,2022-09-12 05:49:57+00:00,pacaxsiw,""Ohh ini yang lagi rame JatengGembira ğŸ¤—";;;
"Lahh ada pak  dan pak _Hasan gmna gak rame ya ğŸ¤— """;;;
170,2022-09-12 05:49:32+00:00,fahrul1771,__  Politik identitas ğŸ˜†ğŸ˜†;;;
"171,2022-09-12 05:48:35+00:00,Aryprasetyo85,""Ternyata banyak loh outfit keren untuk kalian pakai saat pergi bareng temen kamu.";;;
;;;
Vest dari Sahabat Ganjar ini salah satunya.;;;
;;;
Gak percaya? Langsung aja check out di Aplikasi Shopee dan Tokopedia kamu.;;;
;;;
"SahabatGanjar GanjarPranowo Ganjar """;;;
172,2022-09-12 05:48:25+00:00,saifudin2193205, Mantap pak ganjar;;;
"173,2022-09-12 05:48:20+00:00,rannisa__,""_wahyu_s  Bakso sera dimana-mana sepertinya wkwk udah nyoba yg di pusatnya?";;;
"Yo ndapapa mas main2 lagi ke boyolali wkwk meskipun isine mbolali ya mung kui2 aja ğŸ˜‚""";;;
174,2022-09-12 05:47:37+00:00,NizaAnnisa5,Keseruan kegiatan pak _Hasan dan  pada hari minggu 11 september 2022 jatenggembira ;;;
"175,2022-09-12 05:47:23+00:00,FandiAch1992,""__  Ganjar-anies";;;
;;;
"Pasangan kalau duet bakal bisa ngerukunin copet """"cebongX kampret";;;
;;;
"70% pasti jadi kayak jkw 2014""";;;
176,2022-09-12 05:47:21+00:00,Didiksajaa,_kotasmg   _  Terima kasih banyak...besar harapan kami bisa segera ada tindaklanjut nya...;;;
"177,2022-09-12 05:47:11+00:00,AHOHAFANS,""Kira-kira arohaku, misalnya pak  sama pak _Hasan 2024 jadi setuju ga ya?? Huft mending mikirin Astro dari pada mikirin pemimpin ya guys! ğŸ˜‚""";;;
"178,2022-09-12 05:46:53+00:00,jayywof,""Mantap jalan sehat sama bestie   _Hasan ";;;
"JatengGembira """;;;
179,2022-09-12 05:46:40+00:00,micho_gue,Selain itu mas  juga selalu memonitor persiapan Muktamar melalui koordinasi dengan Walikota. JatengGembira;;;
180,2022-09-12 05:46:18+00:00,micho_gue,Mas  menyampaikan bahwa partisipasi ribuan warga dalam kegiatan jalan sehat merupakan wujud antusiasme Jateng menyambut Muktamar Muhammadiyah &amp; 'Aisyiyah JatengGembira;;
181,2022-09-12 05:46:06+00:00,orbitindonesia_, kami dukung mereka yang dukung ManchesterUnited;;;
"182,2022-09-12 05:46:00+00:00,ini_kurnia_,""Ketika Pak _Hasan dan Mas  bersatu, eh ada apa ya? Heheheh";;;
;;;
"JatengGembira """;;;
"183,2022-09-12 05:45:27+00:00,dheni_wahyu_s,""__  Oalahh, lha aku blm lama kesana ke selo mampir bakso sera, mampir alun2 kidul trus pulang""";;;
"184,2022-09-12 05:45:11+00:00,bee_stya,"" Kalo Wadaslintang tu Kebumen yg terlanjur Wonosobo pak Tug ";;;
"ğŸ˜­""";;;
185,2022-09-12 05:44:23+00:00,mas_taqien,Cerdas sekali org ini. satu masukan yg sangat memukul  dan para cebong tentunya. di rest area jalan tol jangan ada pom yg menjual pertalite. Roda 4 harus di ajari utk tdk memakai BBM subsidi. ;;;
"186,2022-09-12 05:44:19+00:00,aseepdan,""Terdapat momen unik ketika duo sahabat lama, sosok nasionalis religius, dipertemukan dalam kegiatan ini. Yaitu pak _hasan &amp"; mas  JatengGembira;;
;;;
"
187,2022-09-12 05:43:59+00:00,micho_gue,Terdapat momen unik ketika duo sahabat lama, sosok nasionalis religius, dipertemukan dalam kegiatan ini. Yaitu pak _hasan &amp";" mas  JatengGembira""";;
188,2022-09-12 05:43:54+00:00,jayywof,Mas  menyampaikan bahwa partisipasi ribuan warga dalam kegiatan jalan sehat merupakan wujud antusiasme Jateng menyambut Muktamar Muhammadiyah &amp; 'Aisyiyah JatengGembira;;
189,2022-09-12 05:43:23+00:00,yonda__,ada apa ya ? Pak _Hasan dan Mas   ketemu? JatengGembira                              ;;;
190,2022-09-12 05:43:15+00:00,NizaAnnisa5,Nah jawa tengah di tutupi oleh ribuan warga Jateng dan warga Muhammadiyah Jateng hadir tumpah ruah mendukung kegiatan jalan sehat bersama duo sahabat yaitu pak _Hasan  . JatengGembira jatenggembira ;;;
191,2022-09-12 05:43:06+00:00,pacaxsiw,Selain itu mas  juga selalu memonitor persiapan Muktamar melalui koordinasi dengan Walikota. JatengGembira;;;
192,2022-09-12 05:43:05+00:00,pacaxsiw,Mas  menyampaikan bahwa partisipasi ribuan warga dalam kegiatan jalan sehat merupakan wujud antusiasme Jateng menyambut Muktamar Muhammadiyah &amp; 'Aisyiyah JatengGembira;;
"193,2022-09-12 05:43:04+00:00,Lukman_mlz,""Pada ngapain rame-rame..?";;;
Oh ada jalan sehat. Ada pak _Hasan sama pak  tuh. Sehat-sehat selalu tokoh panutan...;;;
"JatengGembira """;;;
"194,2022-09-12 05:43:03+00:00,pacaxsiw,""Terdapat momen unik ketika duo sahabat lama, sosok nasionalis religius, dipertemukan dalam kegiatan ini. Yaitu pak _hasan &amp";" mas  JatengGembira""";;
"195,2022-09-12 05:42:41+00:00,DumaiEri,""MasyaAllahğŸ˜, dari dua tokoh tersebut _Hasan dan , kita tau arti penting bahwa sahabat merupakan tempat kita dalam membangun ketersalingan. Masyarakat melihat itu sebagai bentuk kesetiaan dalam persahabatan";;;
"JatengGembira """;;;
"196,2022-09-12 05:42:35+00:00,sahabatganjar,""Jawa Tengah termasuk kedalam nominasi layanan investssi terbaik 2022.";;;
;;;
Komitmen Ganjar-Yasin merupakan upaya konkret dalam mengawal investasi di Jateng.;;;
;;;
Ganjar menyampaikan titel juara pada layanan investasi adalah sebuah bonus.;;;
;;;
"SahabatGanjar Ganjar ganjarpranowo """;;;
"197,2022-09-12 05:42:31+00:00,Aryprasetyo85,""Turnamen PUBG Mobile di Kabupaten Sigi Biromaru udah selesai nih. 3 Tim terkuat yang berhasil memenangkan Turnamen adalah....";;;
;;;
Juara 1 Gooners Team;;;
Juara 2 Mhozking Team;;;
Juara 3 Adik Mix Max Team;;;
;;;
"SAGAEsports SahabatGanjar Ganjar GanjarPranowo """;;;
"198,2022-09-12 05:42:04+00:00,Aditpati_20,""Gak ada cape nya emg dah pak _Hasan setelah pulang Umroh demi ketemu bestie pak  menghadiri Acara Jalan Sehat di Jawa Tengah dalam rangka Pra Muktamar Muhammadiyah.";;;
"JatengGembira """;;;
"199,2022-09-12 05:41:23+00:00,mozzana_addli,""Terdapat momen unik ketika duo sahabat lama, sosok nasionalis religius, dipertemukan dalam kegiatan ini. Yaitu pak _hasan &amp"; mas  JatengGembira;;
;;;
"
200,2022-09-12 05:41:21+00:00,codernubie,_ADjem  wkwwkw.... sampai juga akhirnya om _ADjem endorse-in den ganjar
201,2022-09-12 05:41:19+00:00,DumaiEri,Pak _Hasan dan pak , merupakan dua tokoh nasional religius sekaligus mereka sahabat dekat. Tetap harmonis pak, semoga rakyat dapat meniru bentuk keharmonisan tersebut";;;
"JatengGembira """;;;
202,2022-09-12 05:40:35+00:00,oposan007,__  Klo ini bukan politik identitas kan blog??ğŸ¤­ğŸ¤£ğŸ¤£;;;
203,2022-09-12 05:40:27+00:00,Septianaacy,Ketika bestie bersatu udah pasti seruuğŸ™ŒğŸ™ŒğŸ”¥ğŸ”¥ğŸ”¥  _Hasan   JatengGembira ;;;
204,2022-09-12 05:40:23+00:00,Rereeeee_20,Mas  ternyata slau memonitor persiapan Muktamar melalui koordinasi dengan Walikota agar acaranya sukses dan berjalan dg lancar ğŸ‘JatengGembira;;;
"205,2022-09-12 05:40:21+00:00,Aryprasetyo85,""Penampilan maksimal dan membuat dirimu percaya diri penuh hanya dengan menggunakan Kaos Edisi Millenial dari Sahabat Ganjar. ";;;
;;;
"Kamu bisa memesan kaos ini melalui Tokopedia dan Shopee """"Sahabat Ganjar Merchandise"""".";;;
;;;
"SahabatGanjar Ganjar GanjarPranowo """;;;
"206,2022-09-12 05:40:12+00:00,Dikasuci11,""Hmmmm jadi ngebayangin klo mereka bersatu nantiğŸ˜,  selalu menjadikan Indonesia damai dan kokoh ya pak _Hasan dan ";;;
JatengGembira ;;;
;;;
" lewat """;;;
207,2022-09-12 05:39:51+00:00,ini_kurnia_,Selain itu mas  juga selalu memonitor persiapan Muktamar melalui koordinasi dengan Walikota JatengGembira _Hasan;;;
208,2022-09-12 05:39:50+00:00,ini_kurnia_,Mas  menyampaikan bahwa partisipasi ribuan warga dalam kegiatan jalan sehat merupakan wujud antusiasme Jateng menyambut Muktamar Muhammadiyah &amp; 'Aisyiyah JatengGembira _Hasan;;
"209,2022-09-12 05:39:50+00:00,Aryprasetyo85,""Sebab, tebing-tebing di kawasan desa tertinggi di Pulau Jawa itu, menawarkan keindahan alam khas Dieng, dan tantangan bagi para pemanjat tebing.";;;
;;;
"SahabatGanjar Ganjar GanjarPranowo """;;;
"210,2022-09-12 05:39:47+00:00,ini_kurnia_,""Terdapat momen unik ketika duo sahabat lama, sosok nasionalis religius, dipertemukan dalam kegiatan ini, yaitu pak _Hasan &amp";" Mas  JatengGembira""";;
"211,2022-09-12 05:39:45+00:00,ini_kurnia_,""Pra Muktamar Muhammadiyah pertemukan dua sosok sahabat nasionalis religius _Hasan dan ";;;
"JatengGembira""";;;
212,2022-09-12 05:39:29+00:00,Rereeeee_20,Ribuan partisipsi warga dalam kegiatan jalan sehat merupakan wujud antusiasme Jateng untuk menyambut Muktamar Muhammadiyah &amp; 'Aisyiyah ini disampaikan langsung oleh mas  JatengGembira;;
"213,2022-09-12 05:39:25+00:00,Aryprasetyo85,""Gubernur Jawa Tengah  ingin kawasan tebing Watu Gribig, Desa Jojogan, Kecamatan Kejajar, Kabupaten Wonosobo, dikembangkan menjadi salah satu destinasi wisata khusus sport tourism.";;;
;;;
"SahabatGanjar Ganjar GanjarPranowo """;;;
214,2022-09-12 05:39:20+00:00,KlM_MlNJEONG,Waaah meriah ya melihat antusias warga Jateng dengan adanya Jalan sehat se Jateng bersama _Hasan  dan juga  jatenggembira ;;;
215,2022-09-12 05:38:25+00:00,orbitindonesia_,Respon Tudingan Hacker Bjorka Partai Berkarya Bantah Ketua Umumnya Adalah Pembunuh Munir  BrajamustiBaik imranout Jokowi Prabowo GanjarPranowo RidwanKamil MuchdiPR PartaiBerkarya Luhut oth: PSSI FIFA Selernitana versus Anies;;;
216,2022-09-12 05:38:03+00:00,NizaAnnisa5,Ga ada duanya ini seperti lngit dan awan. Tapi ketika dua tokoh nasional dalam satu tempat yang sama ini dia  duo sahabat _Hasan  ternyata bsa buat warga sejateng kumpul jatenggembira ;;;
"217,2022-09-12 05:37:26+00:00,Sandradiahprat1,""Jalan sehat baren pak _Hasan dan pak  ";;;
"JatengGembira """;;;
"218,2022-09-12 05:37:21+00:00,Aryprasetyo85,""Hal itulah yang dialami oleh perajin terasi oven asal Kabupaten Batang, Siti Yaenah. Ia mengaku bersyukur. Sebab, banyak manfaat yang didapat usai ikut Lapak Ganjar.";;;
;;;
"SahabatGanjar Ganjar GanjarPranowo """;;;
"219,2022-09-12 05:36:51+00:00,Aryprasetyo85,""Senyum merekah terlihat dari salah satu pelaku UMKM yang ikut program Lapak Ganjar.";;;
;;;
Dari inovasi pemasaran  tersebut,perajin terasi ini mampu mendulang untung, mulai dari peningkatan penjualan, sampai menyediakan lapangan pekerjaan untuk saudaranya.;;;
"SahabatGanjar """;;;
220,2022-09-12 05:36:49+00:00,Septianaacy,Jateng pasti bangga punya gubernur  ğŸ˜ğŸ”¥ ga kalah juga menteri nya _Hasan ğŸ˜ğŸ”¥ bikin acara se seru ini di Jateng udah pasti JatengGembira ;;;
"221,2022-09-12 05:36:33+00:00,FDeyen,""__  hahahahahahhahaha, politik identitas juga""";;;
"222,2022-09-12 05:35:59+00:00,GanjaranApps,""";;;
;;;
"ganjaranapps ganjarpranowo""";;;
"223,2022-09-12 05:35:31+00:00,Aditpati_20,""udah tau kan kalo _Hasan dan  udh bersatuğŸ¤˜ğŸ”¥";;;
"JatengGembira """;;;
"224,2022-09-12 05:35:16+00:00,Aryprasetyo85,""Secara umum masyarakat sudah mulai merasakan dampak dari pembangunan tanggul laut.";;;
;;;
"SahabatGanjar GanjarPranowo Ganjar """;;;
"225,2022-09-12 05:34:51+00:00,Aryprasetyo85,""Gubernur Jawa Tengah  meninjau proyek tanggul laut dan drainase di Pekalongan Utara, Kota Pekalongan.";;;
;;;
Ganjar sempat berdialog dengan warga di sekitar lokasi.;;;
;;;
"SahabatGanjar GanjarPranowo Ganjar """;;;
226,2022-09-12 05:34:14+00:00,Lukman_mlz,Selain itu mas  juga selalu memonitor persiapan Muktamar melalui koordinasi dengan Walikota. JatengGembira;;;
"227,2022-09-12 05:34:13+00:00,detik_jateng,""Perkumpulan pendeta Maluku menemui Gubernur Jateng, Ganjar Pranowo, dalam acara studi banding ke Semarang. Rupanya karena Ganjar dinilai memiliki semangat toleransi tinggi.";;;
"
228,2022-09-12 05:34:13+00:00,Lukman_mlz,Mas  menyampaikan bahwa partisipasi ribuan warga dalam kegiatan jalan sehat merupakan wujud antusiasme Jateng menyambut Muktamar Muhammadiyah &amp; 'Aisyiyah JatengGembira
229,2022-09-12 05:34:08+00:00,Lukman_mlz,Terdapat momen unik ketika duo sahabat lama, sosok nasionalis religius, dipertemukan dalam kegiatan ini. Yaitu pak _hasan &amp";" mas  JatengGembira""";;
230,2022-09-12 05:32:49+00:00,RizkiR4madani,  ğŸ’ªâœŠâ¤ï¸ğŸ‡®ğŸ‡©;;;
"231,2022-09-12 05:32:40+00:00,Aryprasetyo85,""Ikut mendampingi Ganjar, adalah Bupati Kudus HM Hartopo serta Kapolres Kudus AKBP Wiraga Dimas Tama dan Dandim 0722 Letkol Kav Indarto.";;;
;;;
"SahabatGanjar GanjarPranowo Ganjar """;;;
"232,2022-09-12 05:32:39+00:00,Aditpati_20,""Duo bestie _Hasan dan  menghadiri acara Jalan sehat Se Jawa Tengah yang di ikuti ribuan masyarakat";;;
" JatengGembira """;;;
"233,2022-09-12 05:32:36+00:00,Sandradiahprat1,""Terdapat momen unik ketika duo sahabat lama, sosok nasionalis religius, dipertemukan dalam kegiatan ini. Yaitu pak _hasan &amp";" mas  JatengGembira """;;
"234,2022-09-12 05:32:24+00:00,Sandradiahprat1,""Terdapat momen unik ketika duo sahabat lama, sosok nasionalis religius, dipertemukan dalam kegiatan ini. Yaitu pak _hasan &amp";" mas  JatengGembira""";;
235,2022-09-12 05:32:24+00:00,heyitsrcfi,Memonitor persiapan Muktamar dilakukan oleh Mas  melalui koordinasi dengan Walikota. JatengGembira;;;
"236,2022-09-12 05:32:15+00:00,Aryprasetyo85,""Gubernur Jawa Tengah  berkunjung ke kediaman keluarga Direksi PT Sukun Wartono Indonesia";;;
;;;
Di sana, Ganjar bercengkrama dan saling bertukar kabar dengan para Direksi PT Sukun.;;;
;;;
"SahabatGanjar GanjarPranowo Ganjar """;;;
237,2022-09-12 05:32:12+00:00,Sandradiahprat1,Selain itu mas  juga selalu memonitor persiapan Muktamar melalui koordinasi dengan Walikota. JatengGembira;;;
238,2022-09-12 05:32:10+00:00,EDanardono,_bertner  _jtg  _jateng Terutama bakul iwak;;;
239,2022-09-12 05:32:08+00:00,Sandradiahprat1,Mas  menyampaikan bahwa partisipasi ribuan warga dalam kegiatan jalan sehat merupakan wujud antusiasme Jateng menyambut Muktamar Muhammadiyah &amp; 'Aisyiyah JatengGembira;;
240,2022-09-12 05:31:47+00:00,ikur12_iwan,__  nanaonan euy siah di tanah banten ?!! make duit saha woy?;;;
"241,2022-09-12 05:31:45+00:00,Heidisabrinaa,""Masyaallah liat full senyum pak _Hasan dan mas  jadi adem banget hati ini pokoknya harus adakan acara seperti ini di Jakarta ya pak,masğŸ˜†ğŸ’™ğŸ‘ğŸ» """;;;
242,2022-09-12 05:31:28+00:00,antono_putra,__  Bahas membahas terus... Eksekusinya mbuh kapan.;;;
243,2022-09-12 05:31:27+00:00,lord_bertner, _jtg  _jateng Pedagang pasar juga tolong diperhatian pak gub. Ben oleh dobel.;;;
244,2022-09-12 05:31:16+00:00,MatJohar3,  Gaaasssssss;;;
"245,2022-09-12 05:31:05+00:00,rannisa__,""_wahyu_s  Aku kotanya mas. Deket sama alun-alun Boyolali. Mampir aja kalo ke Boyolali mas, nanti jajan ke Pengging""";;;
"246,2022-09-12 05:31:03+00:00,Septianaacy,""cuma ngebayangin kalo lg disana aja berasa bgt keseruannya, apalagi yg pada ikut jalan sehat bareng pak  &amp";" pak _Hasan pasti rame abiezzzzğŸ˜ JatengGembira """;;
247,2022-09-12 05:30:43+00:00,ORSON_ordesonto,__  Deklarasi seperti itu perlu duit untuk ngamplop sama kiai dan pengurus semuanya.. Kira2 duitnya itu dari mana..;;;
"248,2022-09-12 05:30:38+00:00,Dikasuci11,""Klo sudah bersatu, tau kan apa yang terjadi?? _Hasan  Yo pasti pada gembira intinya! JatengGembira """;;;
249,2022-09-12 05:30:24+00:00,heyitsrcfi,Mas  menyampaikan antusiasme warga jateng dan partisipasi ribuan yang menghadiri kegiatan jalan sehat dalam menyambut Muktamar Muhammadiyah &amp; 'Aisyiyah JatengGembira;;
"250,2022-09-12 05:30:14+00:00,Aryprasetyo85,""Hari penting pada tanggal 12 September diperingati sebagai Hari Purnawirawan atau HUT PEPABRI.";;;
;;;
SahabatGanjar mengajak semua untuk menghormati para purnawirawan yang dahulu pernah berjuang di masa kemerdekaan Republik Indonesia sebagai pahlawan bersenjata.;;;
"GanjarPranowo Ganjar """;;;
"251,2022-09-12 05:29:56+00:00,Aryprasetyo85,""Provinsi Jawa Tengah masuk Nominasi 5 besar Layanan Investasi 2022, Apa tanggapan ? Langsung tonton disini yaa.";;;
;;;
"SahabatGanjar Ganjar GanjarPranowo """;;;
252,2022-09-12 05:29:27+00:00,suryaedutama,Selain itu mas  juga selalu memonitor persiapan Muktamar melalui koordinasi dengan Walikota. JatengGembira;;;
253,2022-09-12 05:29:24+00:00,suryaedutama,Mas  menyampaikan bahwa partisipasi ribuan warga dalam kegiatan jalan sehat merupakan wujud antusiasme Jateng menyambut Muktamar Muhammadiyah &amp; 'Aisyiyah JatengGembira;;
"254,2022-09-12 05:29:22+00:00,suryaedutama,""Terdapat momen unik ketika duo sahabat lama, sosok nasionalis religius, dipertemukan dalam kegiatan ini. Yaitu pak _hasan &amp";" mas  JatengGembira""";;
"255,2022-09-12 05:29:17+00:00,paryunnn,""Pak _Hasan dan Pak  dua sosok lelaki idaman memang ğŸ˜ğŸ¤­ ";;;
"Smapai bisa buat JatengGembira """;;;
"256,2022-09-12 05:29:09+00:00,Vinaashanxx,""Top lahh Pra Muktamar diadakan Jalan Sehat. Semoga sehat selalu pak _Hasan dan pak  JatengGembira";;;
;;;
"Link berita :  """;;;
"257,2022-09-12 05:29:05+00:00,Aryprasetyo85,""Jawa Tengah termasuk kedalam nominasi layanan investssi terbaik 2022.";;;
;;;
Komitmen Ganjar-Yasin merupakan  upaya konkret dalam mengawal investasi di Jateng.;;;
;;;
 menyampaikan titel juara pada layanan investasi adalah sebuah bonus.;;;
;;;
"SahabatGanjar Ganjar GanjarPranowo """;;;
"258,2022-09-12 05:29:01+00:00,Dikasuci11,""Apresiasi masyarakat sangat tinggi dalam acara Pra Muhtamar Muhammadiyah ke-48, Ditambah lagi hadirnya sosok sahabat Nasionalis  _Hasan wah pasti lebih ramai!! JatengGembira """;;;
"259,2022-09-12 05:28:45+00:00,CucuSumarta,""__  Bahasa Lo monoton CENUL   tiap ngetwit bilangnya ribuan terus,  pdhl mah cuma puluhan ğŸ¤£ğŸ¤£ğŸ¤£""";;;
"260,2022-09-12 05:28:17+00:00,3ko_8udi_5,""85  Wuih Banyumas kepilih,  selamat""";;;
"261,2022-09-12 05:27:37+00:00,DivikaAulia1,""Lautan manusia ini di Jawa Tengah pada gembira2 kayanya karena bisa jalan sehat di hadiri pak _Hasan dan pak  mana langitnya lg biru cerah bgtttğŸ˜ ";;;
"JatengGembira """;;;
"262,2022-09-12 05:27:08+00:00,Dikasuci11,""Ajak ajak dong pak _Hasan";;;
, bikin acara jalan sehat dijakarta juga ya pakğŸ˜;;;
"JatengGembira """;;;
"263,2022-09-12 05:27:02+00:00,bptjwilsmg,""Pemel. Rutin Jalan dan Jembatan";;;
KemalaJateng JatengGayeng;;;
;;;
;;;
;;;
;;;
" """;;;
264,2022-09-12 05:26:53+00:00,NizaAnnisa5,Selain itu mas  juga selalu memonitor persiapan Muktamar melalui koordinasi dengan Walikota JatengGembira;;;
"265,2022-09-12 05:26:52+00:00,bptjwilsmg,""Pemel. Rutin Jalan dan Jembatan";;;
KemalaJateng JatengGayeng;;;
;;;
;;;
;;;
;;;
" """;;;
"266,2022-09-12 05:26:43+00:00,afridhasyll,""Ikutan happy liat senyum 2 bestie ini, di acara se meriah, pdet ini khusus di jateng. warga jateng bangga pasti punya mentri kaya gini  _Hasan JatengGembira """;;;
"267,2022-09-12 05:26:42+00:00,bptjwilsmg,""Pemel. Rutin Jalan dan Jembatan";;;
KemalaJateng JatengGayeng;;;
;;;
;;;
;;;
;;;
" """;;;
"268,2022-09-12 05:26:33+00:00,bptjwilsmg,""Pemel. Rutin Jalan dan Jembatan";;;
KemalaJateng JatengGayeng;;;
;;;
;;;
;;;
;;;
" """;;;
"269,2022-09-12 05:26:28+00:00,NizaAnnisa5,""Nah pak  menyampaikan bahwa partisipasi ribuan warga dalam kegiatan jalan sehat merupakan wujud antusiasme Jateng menyambut Muktamar Muhammadiyah &amp"; 'Aisyiyah JatengGembira;;
" JatengGembira""";;;
"270,2022-09-12 05:26:23+00:00,bptjwilsmg,""Pemel. Rutin Jalan dan Jembatan";;;
KemalaJateng JatengGayeng;;;
;;;
;;;
;;;
;;;
" """;;;
"271,2022-09-12 05:26:13+00:00,bptjwilsmg,""Pemel. Rutin Jalan dan Jembatan";;;
KemalaJateng JatengGayeng;;;
;;;
;;;
;;;
;;;
" """;;;
272,2022-09-12 05:26:04+00:00,heyitsrcfi,Pak _Hasan &amp;  bersepakat mendukung dan memfasilitasi Muktamar Muhammadiyah &amp; 'Aisyiyah ke 48 di Jawa Tengah. JatengGembira;
"273,2022-09-12 05:26:03+00:00,bptjwilsmg,""Pemel. Rutin Jalan dan Jembatan";;;
KemalaJateng JatengGayeng;;;
;;;
;;;
;;;
;;;
" """;;;
"274,2022-09-12 05:25:53+00:00,bptjwilsmg,""Pemel. Rutin Jalan dan Jembatan";;;
KemalaJateng JatengGayeng;;;
;;;
;;;
;;;
;;;
" """;;;
"275,2022-09-12 05:25:44+00:00,bptjwilsmg,""Pemel. Rutin Jalan dan Jembatan";;;
KemalaJateng JatengGayeng;;;
;;;
;;;
;;;
;;;
" """;;;
276,2022-09-12 05:25:38+00:00,DivikaAulia1,Jalan sehat di Jawa Tengah bnyk bgt yg dateng ini karena ada pak _Hasan sm bestinya pak  ğŸ˜ JatengGembira ;;;
"277,2022-09-12 05:25:35+00:00,bptjwilsmg,""Pemel. Rutin Jalan dan Jembatan";;;
KemalaJateng JatengGayeng;;;
;;;
;;;
;;;
;;;
" """;;;
"278,2022-09-12 05:25:26+00:00,bptjwilsmg,""Pemel. Rutin Jalan dan Jembatan";;;
KemalaJateng JatengGayeng;;;
;;;
;;;
;;;
;;;
" """;;;
"279,2022-09-12 05:25:15+00:00,bptjwilsmg,""Pemel. Rutin Jalan dan Jembatan";;;
KemalaJateng JatengGayeng;;;
;;;
;;;
;;;
;;;
" """;;;
"280,2022-09-12 05:25:13+00:00,Aryprasetyo85,""Peringati Haornas 2022, Ganjar Pranowo memberikan penghargaan kepada lima daerah yang unggul dalam bidang olahraga.";;;
;;;
 mengajak agar setiap daerah di Jateng dapat mengembangkan sport tourism yang berkelanjutan.;;;
;;;
"SahabatGanjar Ganjar GanjarPranowo """;;;
"281,2022-09-12 05:25:06+00:00,bptjwilsmg,""Pemel. Rutin Jalan dan Jembatan";;;
KemalaJateng JatengGayeng;;;
;;;
;;;
;;;
;;;
" """;;;
282,2022-09-12 05:25:03+00:00,Dedimanexx, 60    _Twit      Nderek tanglet bu 60  untuk ukm saged tumbas pertalite geh jerigen mboten?? Menawi saged pripun carane;;;
"283,2022-09-12 05:25:02+00:00,NizaAnnisa5,""Ternyata ada momen sangat unik ketika dua sahabat lama, dan sosok nasionalis religius, dipertemukan kegiatan ini. ";;;
Yaitu pak _Hasan &amp; mas  JatengGembira;;
" JatengGembira""";;;
"284,2022-09-12 05:25:00+00:00,heyitsrcfi,""Ketika dua sahabat bertemu pasti ada aja  momen unik yang di lakuinğŸ˜‚, sosok nasionalis religius dipertemukan dalam kegiatan jalan sehat Yaitu pak _hasan &amp";" mas  JatengGembira""";;
"285,2022-09-12 05:24:56+00:00,bptjwilsmg,""Pemel. Rutin Jalan dan Jembatan";;;
KemalaJateng JatengGayeng;;;
;;;
;;;
;;;
;;;
" """;;;
286,2022-09-12 05:24:55+00:00,HerminRosiana, Kayakny di sekitar saja pak... ğŸ™ğŸ˜Š ;;;
287,2022-09-12 05:24:52+00:00,afridhasyll,Full tresno ada di jawa pokonya! Valid no debat ya pakğŸ˜‚ğŸ˜… _Hasan  JatengGembira ;;;
"288,2022-09-12 05:24:48+00:00,bptjwilsmg,""Pemel. Rutin Jalan dan Jembatan";;;
KemalaJateng JatengGayeng;;;
;;;
;;;
;;;
;;;
" """;;;
"289,2022-09-12 05:24:39+00:00,bptjwilsmg,""Pemel. Rutin Jalan dan Jembatan";;;
KemalaJateng JatengGayeng;;;
;;;
;;;
;;;
;;;
" """;;;
"290,2022-09-12 05:24:30+00:00,bptjwilsmg,""Pemel. Rutin Jalan dan Jembatan";;;
KemalaJateng JatengGayeng;;;
;;;
;;;
;;;
;;;
" """;;;
"291,2022-09-12 05:24:21+00:00,bptjwilsmg,""Pemel. Rutin Jalan dan Jembatan";;;
KemalaJateng JatengGayeng;;;
;;;
;;;
;;;
;;;
" """;;;
"292,2022-09-12 05:24:10+00:00,bptjwilsmg,""Pemel. Rutin Jalan dan Jembatan";;;
KemalaJateng JatengGayeng;;;
;;;
;;;
;;;
;;;
" """;;;
"293,2022-09-12 05:23:54+00:00,Dikasuci11,""Hayo ada apanih rame rame ? Eh Ternyata ada bapak bapak gaulll _Hasan . Menurut kalian cocok ga sih ?? ";;;
"JatengGembira """;;;
"294,2022-09-12 05:23:45+00:00,Aditpati_20,""Ada apaan nih rame rame??";;;
pantes Rame ada kegiatan Jalan Sehat masyarakat se Jawa Tengah dalam rangka Pra Muktamar Muhammadiyah yang di hadiri oleh 2 sosok Hebat _Hasan;;;
"dan  JatengGembira """;;;
"295,2022-09-12 05:23:39+00:00,Gede_86,""Dimana ada Pak  ";;;
Pasti disitu ada Kemeriahan dan antusiasme masyarakat yang ingin bersalaman dengan beliau.;;;
;;;
Di Acara Jalan Sehat Pramuktamar;;;
Muhammadiyah dan Aisyiyah ke;;;
"48. """;;;
"296,2022-09-12 05:23:24+00:00,DivikaAulia1,""Seru bgtt coba kalo bisa dateng liat keseruan pak _Hasan dan pak  sama2 ";;;
"JatengGembira """;;;
"297,2022-09-12 05:22:28+00:00,bptjwilsmg,""Pemel. Rutin Jalan dan Jembatan";;;
KemalaJateng JatengGayeng;;;
;;;
;;;
;;;
;;;
" """;;;
"298,2022-09-12 05:22:28+00:00,UalwaysBeMySide,""Melepas peserta jalan sehat Pramuktamar di Semarang.";;;
;;;
Ramai sekali ğŸ’ªğŸ˜;;;
 dikerubuti ribuan warga Muhammadiyah yg digelar serentak se-Jateng. Yg dihadiri oleh Pak MenDag pula.;;;
;;;
"Semoga semua sehat dan jaga kesehatan, tetap semangat ğŸ’ªğŸ‡²ğŸ‡¨pesan beliau. """;;;
"299,2022-09-12 05:22:20+00:00,Fauzi_21_,""__  Jogo Bokep ada kah ? Ups kelepasan, hehe""";;;
300,2022-09-12 05:22:19+00:00,OvonYudi,__  E KTP gimana kbrnya?;;;
"301,2022-09-12 05:22:19+00:00,bptjwilsmg,""Pemel. Rutin Jalan dan Jembatan";;;
KemalaJateng JatengGayeng;;;
;;;
;;;
;;;
;;;
" """;;;
"302,2022-09-12 05:22:10+00:00,bptjwilsmg,""Pemel. Rutin Jalan dan Jembatan";;;
KemalaJateng JatengGayeng;;;
;;;
;;;
;;;
;;;
" """;;;
303,2022-09-12 05:22:07+00:00,zabiliyah,     _Tanoe  Pendukung Prabowo wajib tahu. ;;;
"304,2022-09-12 05:22:01+00:00,bptjwilsmg,""Pemel. Rutin Jalan dan Jembatan";;;
KemalaJateng JatengGayeng;;;
;;;
;;;
;;;
;;;
" """;;;
"305,2022-09-12 05:21:52+00:00,bptjwilsmg,""Pemel. Rutin Jalan dan Jembatan";;;
KemalaJateng JatengGayeng;;;
;;;
;;;
;;;
;;;
" """;;;
"306,2022-09-12 05:21:41+00:00,bptjwilsmg,""Pemel. Rutin Jalan dan Jembatan";;;
KemalaJateng JatengGayeng;;;
;;;
;;;
;;;
;;;
" """;;;
"307,2022-09-12 05:21:34+00:00,conan_idn,""__  Lupa Lu __ omongan Lu Soal Politik Identitas?? ";;;
;;;
"Cenul gak punya malu ğŸ˜‚""";;;
"308,2022-09-12 05:21:32+00:00,bptjwilsmg,""Pemel. Rutin Jalan dan Jembatan";;;
KemalaJateng JatengGayeng;;;
;;;
;;;
;;;
;;;
" """;;;
"309,2022-09-12 05:21:23+00:00,bptjwilsmg,""Pemel. Rutin Jalan dan Jembatan";;;
KemalaJateng JatengGayeng;;;
;;;
;;;
;;;
;;;
" """;;;
310,2022-09-12 05:21:16+00:00,FmmhJatmiko,Persiapan merawat menjaga menanaman di sepadan sungai di desa kradenan srumbung magelang bersama Babinsa Linmas dan relawan setempat .  _sda_so _sda  ;;;
"311,2022-09-12 05:21:14+00:00,bptjwilsmg,""Pemel. Rutin Jalan dan Jembatan";;;
KemalaJateng JatengGayeng;;;
;;;
;;;
;;;
;;;
" """;;;
312,2022-09-12 05:21:08+00:00,WongKEDU__,_Ayu   GanjarNusantara;;;
"313,2022-09-12 05:20:58+00:00,bptjwilsmg,""Pemel. Rutin Jalan dan Jembatan";;;
KemalaJateng JatengGayeng;;;
;;;
;;;
;;;
;;;
" """;;;
314,2022-09-12 05:20:51+00:00,Okky74376638,__  ahhhh masssaaa sihh.....??? ;;;
"315,2022-09-12 05:20:31+00:00,swyinhere,""Terdapat momen lucu serta unik ketika dua teman kecil, sosok pemimpin yang nasionalis serta religius, dipertemukan dalam kegiatan ini. Yaitu pak mendag _hasan &amp";" bapak  JatengGembira""";;
"316,2022-09-12 05:20:28+00:00,heyitsrcfi,""Pra Muktamar Muhammadiyah mempertemukan dua sosok sahabat nasionalis religius yaitu pak _Hasan dan  ğŸ«¶";;;
"JatengGembira""";;;
317,2022-09-12 05:20:26+00:00,Vinaashanxx,Gaada dua matahari dalam satu langit. Tapi kalo dua tokoh nasional dalam satu tempat yang samaa adaa donggg ini nih contoh nyaa. Ga nanggung warga sejateng numplekk semuaa!! Ulah siapa lagi kalo bukan bapak bapak inihh hehehe _Hasan dan  JatengGembira ;;;
"318,2022-09-12 05:20:20+00:00,Aditpati_20,""Ketika 2 Bestie _Hasan dan  bersatu";;;
 SENGGOL DONGğŸ”¥;;;
"JatengGembira """;;;
319,2022-09-12 05:20:01+00:00,Schatzi_tea,Bapak _Hasan Pulang umroh momen2 masih terasa tanah suci langsung silaturahmi ke Jateng ke daerahnya bapak  ;;;
320,2022-09-12 05:19:45+00:00,AbdiJhon1,moga ntar bisa joinan jogging bareng deh kebetulan ada keluarga disana siapa tau bisa ketemu pak  sm pak _Hasan  jatenggembira ;;;
321,2022-09-12 05:19:38+00:00,AbdiJhon1,whoaa baru tau loh kalo pak  dan pak _Hasan bestie kentell kerennn pasti jatenggembira ;;;
322,2022-09-12 05:19:17+00:00,AbdiJhon1,its time to shinee pak  !!! JatengGembira ;;;
323,2022-09-12 05:19:14+00:00,paryunnn,Duhhh pak  memang jawa selalu di hati saya pak ğŸ¤­ JatengGembira ;;;
324,2022-09-12 05:19:11+00:00,AbdiJhon1,Selain itu mas  juga selalu memonitor persiapan Muktamar melalui koordinasi dengan Walikota. JatengGembira;;;
325,2022-09-12 05:19:11+00:00,AbdiJhon1,Mas  menyampaikan bahwa partisipasi ribuan warga dalam kegiatan jalan sehat merupakan wujud antusiasme Jateng menyambut Muktamar Muhammadiyah &amp; 'Aisyiyah JatengGembira;;
"326,2022-09-12 05:19:09+00:00,AbdiJhon1,""Terdapat momen unik ketika duo sahabat lama, sosok nasionalis religius, dipertemukan dalam kegiatan ini. Yaitu pak _hasan &amp";" mas  JatengGembira""";;
"327,2022-09-12 05:19:05+00:00,DivikaAulia1,""Wahh kirain ada apa nihh rame2 ternyata ada 2 besti lg sama2 hehe keren pak _Hasan dan pak   seruu tuh ";;;
"JatengGembira """;;;
"328,2022-09-12 05:18:09+00:00,Schatzi_tea,""Namanya juga BESTie, klo udah ketemu pasti seru dan buat bahagia ";;;
_Hasan ;;;
 ;;;
"JatengGembira """;;;
329,2022-09-12 05:18:04+00:00,Heidisabrinaa,Selain itu mas  juga selalu memonitor persiapan Muktamar melalui koordinasi dengan Walikota agar berjalan dengan lancar dan suksesğŸ˜ŠğŸ‘ğŸ». JatengGembira;;;
"330,2022-09-12 05:18:03+00:00,Heidisabrinaa,""Mas ganteng  menyampaikan bahwa """"partisipasi ribuan warga terhdap kegiatan jalan sehat merupakan wujud  antusiasme Jateng menyambut Muktamar Muhammadiyah &amp";" 'Aisyiyah"""" wahhh keren banget yaaa warga2 jatenggğŸ¤©ğŸ¤©JatengGembira""";;
"331,2022-09-12 05:18:00+00:00,Heidisabrinaa,""Kapan lagi nih kita liat momen langka ada duo ganteng sahabat lama bertemu kembali, sosok nasionalis religius, akhirnya ketemu dalam kegiatan ini. Colek pak _hasan &amp";" mas  JatengGembira""";;
332,2022-09-12 05:17:51+00:00,madazis169,Sudah jelas ganjarpranowo jangan diragukan lagi NKRI harga matiğŸ‡®ğŸ‡©ğŸ‡®ğŸ‡©ğŸ‡®ğŸ‡©ğŸ‡®ğŸ‡©ğŸ‡®ğŸ‡© ;;;
"333,2022-09-12 05:17:50+00:00,afridhasyll,""Ada apa nih, ramee banget tolonggg, ini pak _Hasan sama pak  senyum lebarr sekaliii kayanya emg bener JatengGembira bangett """;;;
334,2022-09-12 05:17:23+00:00,KlM_MlNJEONG,AAAAKHHH SERU BANGET GASI JALAN SEHAT SE JAWA TENGAH PENGEEEN IKUTAN JUGA JADINYA _Hasan  ğŸ¥º jatenggembira ;;;
335,2022-09-12 05:17:06+00:00,DumaiEri,Selain itu mas  juga selalu memonitor persiapan Muktamar melalui koordinasi dengan Walikota. JatengGembira;;;
336,2022-09-12 05:16:58+00:00,Dikasuci11,Selain itu mas  memonitor langsung persiapan Muktamar melalui koordinasi dengan Walikota lho . JatengGembira;;;
337,2022-09-12 05:16:57+00:00,Dikasuci11,Mas  menyampaikan bahwa partisipasi ribuan warga dalam kegiatan jalan sehat merupakan wujud antusiasme Jateng menyambut Muktamar Muhammadiyah &amp; 'Aisyiyah JatengGembira;;
"338,2022-09-12 05:16:56+00:00,Dikasuci11,""Ada momen unik ketika dua sahabat lama, sosok nasionalis religius, dipertemukan dalam kegiatan ini. Yaitu pak _hasan &amp";" mas  JatengGembira""";;
"339,2022-09-12 05:16:50+00:00,Vinaashanxx,""Diam seperti bapakku,";;;
Bergerak menjadi biasku. _Hasan  ;;;
"JatengGembira """;;;
340,2022-09-12 05:16:46+00:00,DumaiEri,Mas  menyampaikan bahwa partisipasi ribuan warga dalam kegiatan jalan sehat merupakan wujud antusiasme Jateng menyambut Muktamar Muhammadiyah &amp; 'Aisyiyah JatengGembira;;
341,2022-09-12 05:16:46+00:00,SAKTI1645, _jepara    Keluarga inti perangkat desa yng terdaftar pada DTKS sdh berkeluarga semua shingga mrk sdh TIDAK 1 KK lagi &amp; ini lah yg di jadikan Celah utk memasukan keluarga mereka pada DTKS.;;
"342,2022-09-12 05:16:34+00:00,Schatzi_tea,""Ada apanih rame-rame di Jateng?";;;
;;;
"Oh ternyata ada bapak _Hasan dan bapak  JatengGembira """;;;
343,2022-09-12 05:16:32+00:00,LilaReinayah,Padahal pak _Hasan dan pak  usia nya sudah tidak muda tetapi semangat berolahraga nyaa luar biasa sekalii sampai bikin JatengGembira ;;;
"344,2022-09-12 05:16:06+00:00,paryunnn,""Rame bangetttt ya JatengGembira ğŸ¥°ğŸ¥°";;;
"Terlihat juga warga berantusias mengikuti acara yg di adakan dua sahabat ini pak _Hasan dan pak  """;;;
"345,2022-09-12 05:15:52+00:00,DumaiEri,""Terdapat momen unik ketika duo sahabat lama, sosok nasionalis religius, dipertemukan dalam kegiatan ini. Yaitu pak _hasan &amp";" mas  JatengGembira""";;
346,2022-09-12 05:15:49+00:00,GhostNft077,_jokowisyoo 4madani 5  Nongol lagi akun nih bocah ;;;
"347,2022-09-12 05:15:42+00:00,Partono_ADjem,""Selain itu Den  juga selalu memonitoring persiapan Muktamar melalui koordinasi dengan Walikota.";;;
"JatengGembira ğŸ‡²ğŸ‡¨ğŸ’™""";;;
"348,2022-09-12 05:15:39+00:00,yonda__,""Jalan Bareng? Uhuyyy JatengGembira                                                     Pra Muktamar Muhammadiyah, Zulkifli Hasan Jalan Bareng Ganjar Pranowo di Semarang";;;
 ;;;
" via """;;;
349,2022-09-12 05:15:27+00:00,Rereeeee_20,Pak _Hasan dan pak  keduanya sepakat untuk mendukung dan memfasilitasi Muktamar Muhammadiyah &amp; 'Aisyiyah ke 48 di Jawa Tengah. JatengGembira;;
"350,2022-09-12 05:15:05+00:00,OxAila,""Terima kasih warga Jateng dan mas  dalam acara jalan sehat. ";;;
Sukses untuk acara Muktamar Muhammadiyah dan Aisyiyah Pak _Hasan ;;;
JatengGembira;;;
"JatengGembira """;;;
351,2022-09-12 05:15:01+00:00,bumimenari,Min mau tanya dong _jateng urus online pindah keluar ktp dari cilacap  bisa online tidak ya ? Searching akun dukcapil cilacap blm nemu yg aktif. Kontak wa pelayanan centang 1.. bantuin ya min makasihh cc ;;;
352,2022-09-12 05:14:52+00:00,Vinaashanxx,Duo bapak kece nan awett mudaa yang disenenginn buibuuu. Produktiff sekaliii dunia perbestian pak _Hasan dan pak  wajib dicontohhh JatengGembira ;;;
"353,2022-09-12 05:14:52+00:00,jhonsjokers,""__  Orang dicalonin juga enggak pake di dukung,cebong emng kelewatan gobloknyağŸ˜‚""";;;
"354,2022-09-12 05:14:45+00:00,Partono_ADjem,""Den  menyampaikan bahwa partisipasi ribuan warga dalam kegiatan jalan sehat merupakan wujud antusiasme Jateng menyambut Muktamar Muhammadiyah &amp"; 'Aisyiyah.;;
"Jateng damai, Jateng sehat JatengGembira ğŸ‡²ğŸ‡¨ğŸ’™""";;;
"355,2022-09-12 05:14:37+00:00,DumaiEri,""Minggu 11 Sept 2022 berlangsung kegiatan Jalan Sehat masyarakat se Jawa Tengah dlm rangka Pra Muktamar Muhammadiyah, serta di hadiri oleh dua tokoh nasional  dan _Hasan, merupakan sosok yang mampu memberikan warna motivasi. ";;;
"JatengGembira""";;;
"356,2022-09-12 05:14:22+00:00,jijindut,""Badan Kepegawaian Negara (BKN)";;;
"Memberikan Tiga Penghargaan untuk Gubernur Jateng  """;;;
357,2022-09-12 05:14:21+00:00,SAKTI1645, _jepara    Masih banyak warga desa Damarwulan yg tergolong miskin tp TIDAK trdftar pd DTKS pdhal mrk Tidak mempunyai lahan apa pn &amp; pekerjaan mrk setiap hari sebagai buruh Tandur di lahanÂ² org serta buruh Cuci gosok di rumahÂ² org bhkan para Janda yg tergolong miskin pun TIDAK terdaftar DTKS;;
358,2022-09-12 05:14:13+00:00,Schatzi_tea,_Hasan x  ;;;
"359,2022-09-12 05:13:48+00:00,yonda__,""Kalo Pak _Hasan dan Mas  turun lapangan, pasti rame yang hadir JatengGembira """;;;
"360,2022-09-12 05:13:42+00:00,Rereeeee_20,""Ada momen unik nihh saat dua sahabat lama bertemu, sosok nasionalis religius, dipertemukan dalam kegiatan ini. Yaitu pak _hasan &amp";" mas  JatengGembira""";;
361,2022-09-12 05:13:29+00:00,Aditpati_20,Selain itu mas  juga selalu memonitor persiapan Muktamar melalui koordinasi dengan Walikota. JatengGembira;;;
362,2022-09-12 05:13:18+00:00,kiyowooooo_,Selain itu mas  juga selalu memonitor persiapan Muktamar melalui koordinasi dengan Walikota. JatengGembira;;;
363,2022-09-12 05:13:15+00:00,kiyowooooo_,Mas  menyampaikan bahwa partisipasi ribuan warga dalam kegiatan jalan sehat merupakan wujud antusiasme Jateng menyambut Muktamar Muhammadiyah &amp; 'Aisyiyah JatengGembira;;
"364,2022-09-12 05:13:14+00:00,kiyowooooo_,""Terdapat momen unik ketika duo sahabat lama, sosok nasionalis religius, dipertemukan dalam kegiatan ini. Yaitu pak _Hasan &amp";" mas  JatengGembira""";;
"365,2022-09-12 05:13:11+00:00,DivikaAulia1,""Terdapat momen unik ketika duo sahabat lama, sosok nasionalis religius, dipertemukan dalam kegiatan ini. Yaitu pak _hasan &amp";" pak  JatengGembira""";;
366,2022-09-12 05:13:08+00:00,DivikaAulia1,Pak  menyampaikan bahwa partisipasi ribuan warga dalam kegiatan jalan sehat merupakan wujud antusiasme Jateng menyambut Muktamar Muhammadiyah &amp; 'Aisyiyah JatengGembira;;
367,2022-09-12 05:13:07+00:00,DivikaAulia1,Selain itu pak  juga selalu memonitor persiapan Muktamar melalui koordinasi dengan Walikota. JatengGembira;;;
"368,2022-09-12 05:13:02+00:00,Partono_ADjem,""Pak _hasan menyampaikan apresiasi kepada seluruh pihak yg telah mendukung Gebyar Muktamar Muhammadiyah 'Aisyiyah ke 48.";;;
"Cc  JatengGembira ğŸ‡²ğŸ‡¨ğŸ’™""";;;
369,2022-09-12 05:12:57+00:00,afridhasyll,Selain itu pak  juga tidak terlewat untuk selalu memonitor persiapan Muktamar melalui koordinasi dengan Walikota. JatengGembira;;;
"370,2022-09-12 05:12:56+00:00,sahabatganjar,""Ganjar sempat berdialog dengan warga di sekitar lokasi. ";;;
;;;
Secara umum masyarakat sudah mulai merasakan dampak dari pembangunan tanggul laut.;;;
;;;
"SahabatGanjar GanjarPranowo Ganjar """;;;
371,2022-09-12 05:12:51+00:00,afridhasyll,Pak  menyampaikan bahwa partisipasi ribuan warga dalam kegiatan jalan sehat itu merupakan wujud antusiasme Jateng untuk menyambut Muktamar Muhammadiyah &amp; 'Aisyiyah JatengGembira;;
"372,2022-09-12 05:12:50+00:00,sahabatganjar,""Gubernur Jawa Tengah Ganjar Pranowo meninjau proyek tanggul laut dan drainase di Pekalongan Utara, Kota Pekalongan. ";;;
;;;
"SahabatGanjar GanjarPranowo Ganjar """;;;
373,2022-09-12 05:12:35+00:00,i_noside,__ _p  Amiinn..;;;
374,2022-09-12 05:12:31+00:00,afridhasyll,Pak _hasan &amp; pak  dipertemukan dalam kegiatan yang unik ini karena beliau2 merupakan sosin yang nasionalis dan religius JatengGembira;;
375,2022-09-12 05:12:30+00:00,Schatzi_tea,Semoga silaturahmi Bapak _Hasan dan Bapak  selalu harmonis tak pernah terputus JatengGembira;;;
376,2022-09-12 05:12:29+00:00,pujianiSN,2761  Kalau uwan towa yang jadi bisa perang saudara. Maunya beer terus ğŸ¤­;;;
"377,2022-09-12 05:12:18+00:00,jijindut,""Gubernur Jateng  ingin kawasan tebing Watu Gribig, Desa Jojogan, Kecamatan Kejajar, Kabupaten Wonosobo, dikembangkan menjadi salah satu destinasi wisata khusus sport tourism. ";;;
SahabatGanjar ;;;
GanjarPranowo ;;;
"Ganjar """;;;
378,2022-09-12 05:11:42+00:00,rentultull,  Keren banget emang inovasi-inovasi dari pak Ganjar tuh GanjaranApps;;;
379,2022-09-12 05:11:41+00:00,Vinaashanxx,Dua sahabat keren yang siap menyambut Muktamar Muhammadiyah &amp; 'Aisyiyah ke 48. _Hasan dan  JatengGembira ;;
"380,2022-09-12 05:11:38+00:00,Aditpati_20,""Terdapat momen unik ketika duo sahabat lama, sosok nasionalis religius, dipertemukan dalam kegiatan ini. Yaitu pak _hasan &amp";" mas  JatengGembira""";;
"381,2022-09-12 05:11:02+00:00,Partono_ADjem,""Terdapat momen unik ketika duo sahabat lama, sosok nasionalis religius, dipertemukan dalam kegiatan ini.";;;
Yaitu Pak _hasan &amp; Den  ;;
"JatengGembira ğŸ‡²ğŸ‡¨ğŸ’™""";;;
"382,2022-09-12 05:11:02+00:00,Redbhvr,""Terdapat momen unik ketika duo sahabat lama, sosok nasionalis religius, dipertemukan dalam kegiatan ini. Yaitu pak _hasan &amp";" mas  JatengGembira""";;
383,2022-09-12 05:10:58+00:00,Redbhvr,Selain itu mas  juga selalu memonitor persiapan Muktamar melalui koordinasi dengan Walikota. JatengGembira;;;
384,2022-09-12 05:10:56+00:00,Redbhvr,Mas  menyampaikan bahwa partisipasi ribuan warga dalam kegiatan jalan sehat merupakan wujud antusiasme Jateng menyambut Muktamar Muhammadiyah &amp; 'Aisyiyah JatengGembira;;
385,2022-09-12 05:10:43+00:00,dulfendra1,__  Kayaknya mas Ganjar sdh pasti menang nih...;;;
"386,2022-09-12 05:10:41+00:00,Schatzi_tea,""10) kita lihat saja kedepannya, di moment politik atau momen pemilu apakah PAN yang diwakili oleh ketum _Hasan yang ketika RAKORNAS sudah memasukan nama bapak   akan punya ikatan saling mendukung dalam satu barisan JatengGembira""";;;
387,2022-09-12 05:10:29+00:00,KlM_MlNJEONG,BESTIEEE GOALS BGT GASI?! jatenggembira _Hasan &amp;  ;;
"388,2022-09-12 05:10:27+00:00,jijindut,""Pelaku UMKM di Kalimantan Barat menggelar deklarasi dukungan untuk .";;;
;;;
Hal ini mendapat respon baik dari Sahabat Ganjar.. ;;;
;;;
SahabatGanjar ;;;
GanjarPranowo ;;;
"Ganjar """;;;
389,2022-09-12 05:10:13+00:00,ijo_11614,  Saya ini tanya ...;;;
390,2022-09-12 05:10:04+00:00,RakyatBicara__,Acara persiapan muktamar ini dimonitor secara serius oleh Pal  lho.. Ciyus bingit. JatengGembira;;;
"391,2022-09-12 05:09:38+00:00,dimasakbarz,""Pra Muktamar Muhammadiyah, _Hasan Jalan Bareng  di Semarang";;;
 ;;;
 ;;;
;;;
"JatengGembira""";;;
392,2022-09-12 05:09:37+00:00,OxAila,Rame banget di JatengGembira Pak _Hasan mas  ;;;
"393,2022-09-12 05:08:49+00:00,Lukman_mlz,""Asik ye, kalau ngelihat duo sahabat lama, sosok nasionalis religius, dipertemukan dalam satu kegiatan. Pak _hasan &amp"; pak  memfasilitasi kegiatan Pra Muktamar Ini ternyata. The best dah...;;
"JatengGembira """;;;
"394,2022-09-12 05:08:24+00:00,SAKTI1645,"" _jepara    Apakah ad campur tangan dari PihakÂ² terkait shingga keluarga Inti perangkat Desa bisa terdaftar PKH ?";;;
"Silahkan turun ke Lapangan melakukan penelusuran kpd para warga yg dari awal melaporkan hal ini khususnya warga Dk Mangkli krn mrk yg paling mengetahui silsilah kel perangkat ini""";;;
"395,2022-09-12 05:08:16+00:00,OxAila,""Keren ğŸ˜";;;
_Hasan ;;;
 ;;;
"JatengGembira """;;;
396,2022-09-12 05:07:44+00:00,paryunnn,Selain itu mas  juga selalu memonitor persiapan Muktamar melalui koordinasi dengan Walikota. JatengGembira;;;
397,2022-09-12 05:07:43+00:00,paryunnn,Mas  menyampaikan bahwa partisipasi ribuan warga dalam kegiatan jalan sehat merupakan wujud antusiasme Jateng menyambut Muktamar Muhammadiyah &amp; 'Aisyiyah JatengGembira;;
398,2022-09-12 05:07:40+00:00,LilaReinayah,Waduhh Pak _Hasan dan Pak  ngapain nihh ko di Jawa Tengah jdi heboh gni yahh? JatengGembira ;;;
"399,2022-09-12 05:07:38+00:00,paryunnn,""Terdapat momen unik ketika duo sahabat lama, sosok nasionalis religius, dipertemukan dalam kegiatan ini. Yaitu pak _hasan &amp";" mas  JatengGembira""";;
400,2022-09-12 05:07:37+00:00,Schatzi_tea,9) Semoga dengan adanya Muktamar yang telah diadakan di Jawa Tengah ini mempererat tali silaturahmi antara Ketum PAN _Hasan dan sahabat lamanya Bapak  JatengGembira;;;
401,2022-09-12 05:07:31+00:00,RakyatBicara__,Sementara itu Gubernur Jateng  menyampaikan bahwa partisipasi ribuan warga dalam kegiatan jalan sehat merupakan wujud antusiasme Jateng menyambut Muktamar Muhammadiyah dan 'Aisyiyah JatengGembira;;;
402,2022-09-12 05:07:30+00:00,ekoadji,Lontong Tahu Blora Pasar Johar Tengah Lantai 2 dapat dipesan via       ;;;
"403,2022-09-12 05:07:00+00:00,Schatzi_tea,""8) bapak _Hasan sangat gembira melihat perayaan Muktamar Muhammadiyah di Jateng ini, sekaligus bahagia karena bapak Ganjar Pranowo pun sebagai Gubernur JATENG dan sekaligus sebagai sahabat lama mendukung acara ini";;;
"JatengGembira""";;;
404,2022-09-12 05:06:53+00:00,trend_cui,9.Selain itu Pak  juga selalu  memonitor persiapan Muktamar melalui koordinasi dengan Walikota. JatengGembira;;;
405,2022-09-12 05:06:52+00:00,trend_cui,8. Pak  menyampaikan bahwa partisipasi ribuan warga dalam kegiatan jalan sehat merupakan wujud antusiasme Jateng menyambut Muktamar Muhammadiyah &amp; 'Aisyiyah JatengGembira;;
"406,2022-09-12 05:06:51+00:00,Lukman_mlz,""Pak  ternyata selalu memonitor persiapan Muktamar loh, melalui koordinasi dengan Walikota. Wkwkwk. Wajar aja kalau acara Pra Muktamar Muhammadiyah ramai betul... JatengGembira """;;;
407,2022-09-12 05:06:51+00:00,Septianaacy,Selain itu pak  juga selalu memonitor persiapan Muktamar melalui koordinasi dengan Walikota. JatengGembira;;;
408,2022-09-12 05:06:51+00:00,Septianaacy,Pak  menyampaikan bahwa partisipasi ribuan warga dalam kegiatan jalan sehat merupakan wujud antusiasme Jateng menyambut Muktamar Muhammadiyah &amp; 'Aisyiyah JatengGembira;;
"409,2022-09-12 05:06:50+00:00,trend_cui,""4. Terdapat momen unik ketika duo sahabat lama bertemu, Pak _Hasan mengajak Pak  selalu mendukung kegiatan Gebyar/Pra Muktamar sampai pada kegiatan Muktamar. JatengGembira""";;;
410,2022-09-12 05:06:49+00:00,yonda__,Kalo Udah bersatu pak _Hasan dan Mas  dijamin rame tenan JatengGembira ;;;
"411,2022-09-12 05:06:48+00:00,Septianaacy,""Terdapat momen unik ketika duo sahabat lama, sosok nasionalis religius, dipertemukan dalam kegiatan ini. Yaitu pak _hasan &amp";" pak  JatengGembira""";;
412,2022-09-12 05:06:47+00:00,KlM_MlNJEONG,Orang jawa emang manis manis ya bikin kepincutğŸ¥ºğŸ¤§ jatenggembira _Hasan  ;;;
413,2022-09-12 05:06:47+00:00,Vinaashanxx,Selain itu mas  juga selalu memonitor persiapan Muktamar melalui koordinasi dengan Walikota. JatengGembira;;;
414,2022-09-12 05:06:42+00:00,yonda__,Sabatan udah Lama Pak _Hasan dan Mas  JatengGembira ;;;
415,2022-09-12 05:06:21+00:00,yonda__,Ada Pak _Hasan juga sama Mas  JatengGembira ;;;
416,2022-09-12 05:06:08+00:00,Aditpati_20,Pak  menyampaikan bahwa partisipasi ribuan warga dalam kegiatan jalan sehat merupakan wujud antusiasme Jateng menyambut Muktamar Muhammadiyah &amp; 'Aisyiyah JatengGembira;;
"417,2022-09-12 05:06:08+00:00,Plur06824737,""Tolong di pantau  . Siswa didik SMKN 1 Kalinyamatan Kab. Jepara, khususnya kelas X sering mengeluh banyak nya jam kosong. Sehingga banyak siswa yang hanya tidur2an di kelas. ";;;
"Cc   """;;;
"418,2022-09-12 05:05:57+00:00,Schatzi_tea,""7) Bapak _Hasan menyampaikan apresiasi kepada seluruh pihak yang telah mendukung gebyar Muktamar Muhammadiyah Aisyiyah ke 48, terutama kepada Bapak Ganjar Pranowo";;;
"JatengGembira""";;;
"419,2022-09-12 05:05:54+00:00,yonda__,""Kalo Mas  dan Pak _Hasan sudah dukung penuh, Insha Allah Acara Muktamar akan meriah JatengGembira""";;;
420,2022-09-12 05:05:54+00:00,yonda__,Mas Gub  juga menyampaikan selalu memantau perkembangan persiapan Muktamar agar berjalan lancar melalui koordinasi dengan Walikota. JatengGembira;;;
421,2022-09-12 05:05:53+00:00,yonda__,Mas Gub  Jateng mengatakan partisipasi ribuan warga yang terlibar dalam kegiatan jalan sehat merupakan bukti Jateng sangat antusian menyambut Muktamar Muhammadiyah &amp; 'Aisyiyah JatengGembira;;
"422,2022-09-12 05:05:50+00:00,yonda__,""Ada momen unik ketika dua tokoh, sosok nasionalis religius, dipertemukan dalam kegiatan ini. Yaitu pak _hasan &amp";" mas  JatengGembira""";;
"423,2022-09-12 05:05:48+00:00,yonda__,""Pra Muktamar Muhammadiyah mempertemukan Pak _Hasan dan Mas  dua sahabat lama yang saling support.";;;
"JatengGembira""";;;
424,2022-09-12 05:05:46+00:00,aramadhany570,ada Pek mendag Zulkifli hasan _Hasan  Dan Pak Ganjar Pranowo  JatengGembira ;;;
425,2022-09-12 05:05:39+00:00,OnlyFrens,Gerak jalan JatengGembira tempo hari ada bg _Hasan dan  ğŸ¤­;;;
426,2022-09-12 05:05:32+00:00,Vinaashanxx,Mas  menyampaikan bahwa partisipasi ribuan warga dalam kegiatan jalan sehat merupakan wujud antusiasme Jateng menyambut Muktamar Muhammadiyah &amp; 'Aisyiyah JatengGembira;;
"427,2022-09-12 05:05:17+00:00,AnakSrikandi,""Pemkab Blora Siap HadapiÂ Penilaian, Bertekad Boyong Adipura 2022";;;
;;;
;;;
;;;
;;;
;;;
;;;
"Mohon KLIK Selengkapnya:  lewat .id""";;;
428,2022-09-12 05:05:09+00:00,sara_safhira,Selain itu mas  juga selalu memonitor persiapan Muktamar melalui koordinasi dengan Walikota. JatengGembira;;;
"429,2022-09-12 05:05:00+00:00,KomengMcisBack,""_   Saya sudah kirim email ke  ğŸ™ğŸ™ğŸ™ ";;;
"(Email : azisnur.abimanyu.com )""";;;
"430,2022-09-12 05:04:59+00:00,Schatzi_tea,""5) terdapat moment yang menarik dari acara ini, bertemu langsung dua sosok sahabat lama, yaitu bapak _Hasan dan bapak  JatengGembira""";;;
431,2022-09-12 05:04:53+00:00,LilaReinayah,Mas  menyampaikan bahwa partisipasi ribuan warga dalam kegiatan jalan sehat merupakan wujud antusiasme Jateng menyambut Muktamar Muhammadiyah &amp; 'Aisyiyah JatengGembira;;
432,2022-09-12 05:04:10+00:00,LilaReinayah,Selain itu mas  juga selalu memonitor persiapan Muktamar melalui koordinasi dengan Walikota. JatengGembira;;;
"433,2022-09-12 05:04:08+00:00,RakyatBicara__,""Ajang jalan sehat ini ternyata jadi momen pertemuan dua tokoh yang sering bikin heboh media sosial. Siapa lagi kalau bukan pak Mendag _Hasan  dan pak Gubernur Jateng ";;;
"JatengGembira""";;;
"434,2022-09-12 05:04:07+00:00,LilaReinayah,""Terdapat momen unik ketika duo sahabat lama, sosok nasionalis religius, dipertemukan dalam kegiatan ini. Yaitu pak _hasan &amp";" mas  JatengGembira""";;
435,2022-09-12 05:04:03+00:00,Schatzi_tea,3) dan kebetulan sekali bapak Ketum _Hasan bertemu lagi dengan bapak Ganjar Pranowo di acara jalan sehat masyarakat se Jawa Tengah dlm rangka Pra Muktamar Muhammadiyah JatengGembira;;;
"436,2022-09-12 05:04:00+00:00,Vinaashanxx,""Terdapat momen unik ketika duo sahabat lama, sosok nasionalis religius, dipertemukan dalam kegiatan ini. Yaitu pak _Hasan &amp";" mas  JatengGembira""";;
"437,2022-09-12 05:03:45+00:00,qiunco2761,""Mampu merangkul dgn ";;;
Pemikiran berbeda ;;;
Membuat puluhan Pandeta;;;
Dari Maluku datang pada ;;;
 ;;;
Belajar Rawat Toleransi ;;;
"Antar Umat """;;;
"438,2022-09-12 05:03:30+00:00,sara_safhira,""Terdapat momen unik ketika duo sahabat lama, sosok nasionalis religius, dipertemukan dalam kegiatan ini. Yaitu pak _hasan &amp";" mas  JatengGembira""";;
"439,2022-09-12 05:03:26+00:00,Schatzi_tea,""2) Akhir Agustus kemarin ketika RAKORNAS PAN ada nama bapak Ganjar Pranowo di barisan nama yang akan dicalonkan menjadi capres dari PAN";;;
"JatengGembira""";;;
"440,2022-09-12 05:03:11+00:00,SDG_Sumut,""Assalamu'alaikum wr.wb ";;;
Alhamdulillah telah terlaksana kegiatan silaturahmi tokoh guru ngaji Dan ibu perwiritan oleh santri dukung ganjar korwil sumut;;;
Pada hari selasa 6 september 2022;;;
"santridukungganjar ganjarpranowo SDG_sumut darisantriuntuknegeri """;;;
441,2022-09-12 05:03:06+00:00,KlM_MlNJEONG,Selain itu mas  juga selalu memonitor persiapan Muktamar melalui koordinasi dengan Walikota. JatengGembira;;;
442,2022-09-12 05:02:54+00:00,KlM_MlNJEONG,Mas  menyampaikan bahwa partisipasi ribuan warga dalam kegiatan jalan sehat merupakan wujud antusiasme Jateng menyambut Muktamar Muhammadiyah &amp; 'Aisyiyah JatengGembira;;
"443,2022-09-12 05:02:34+00:00,OxAila,""Mas  juga selalu memonitor langsung persiapan Muktamar melalui koordinasi dengan walikota";;;
"JatengGembira""";;;
"444,2022-09-12 05:02:32+00:00,OxAila,""Mas  menyampaikan bahwa, partisipasi ribuan warga Jateng dalam acara jalan sehat tsb merupakan antusiasme warga dlm menyambut acara Muktamar Muhammadiyah &amp"; Aisyiyah;;
"JatengGembira""";;;
"445,2022-09-12 05:02:29+00:00,OxAila,""Momen ini mempertemukan dua sosok nasionalis dan religius yaitu Pak _Hasan dan juga Mas  ";;;
"JatengGembira""";;;
"446,2022-09-12 05:01:54+00:00,KlM_MlNJEONG,""Terdapat momen unik ketika duo sahabat lama, sosok nasionalis religius, dipertemukan dalam kegiatan ini. Yaitu pak _hasan &amp";" mas  JatengGembira""";;
447,2022-09-12 05:01:53+00:00,sara_safhira,Mas  menyampaikan bahwa partisipasi ribuan warga dalam kegiatan jalan sehat merupakan wujud antusiasme Jateng menyambut Muktamar Muhammadiyah &amp; 'Aisyiyah JatengGembira;;
"448,2022-09-12 05:01:38+00:00,SAKTI1645,"" _jepara    Lalu mengapa keluarga perangkat desa Damarwulan bisa lolos trdaftar PKH ? masyarakat mengetahui nya stlh mrk ramaiÂ² menerima bansos C19.";;;
Stlh ad nya laporan warga hnya adik Iparnya yg brnama Afnikan yg tdk lg trdftar penerima bansos tp Indikasi Istri &amp;" adik kandungnya msh trdftar """;;
449,2022-09-12 05:01:14+00:00,aramadhany570,pak  juga selalu memonitor persiapan Muktamar melalui koordinasi bersama Walikota. JatengGembira;;;
450,2022-09-12 05:01:14+00:00,aramadhany570,Pak  sampaikan bahwa partisipasi ribuan warga dalam kegiatan jalan sehat merupakan wujud antusiasme Jateng sambut Muktamar Muhammadiyah &amp; 'Aisyiyah JatengGembira;;
"451,2022-09-12 05:01:12+00:00,aramadhany570,""uniknya kegiatan ini memperlihatkan momen ketika duo sahabat lama, sosok nasionalis religius, saling bertemu dalam kegiatan ini. Yaitu pak _Hasan  &amp";" mas   JatengGembira""";;
452,2022-09-12 05:01:08+00:00,HenryII63936538,45 _jendra    87 77   Itu berapa hrg nya?;;;
453,2022-09-12 05:01:02+00:00,ThyngID,Sekian JatengGembira _Hasan ;;;
454,2022-09-12 05:00:59+00:00,ThyngID,Perpecahan masyarakat harus segera diakhiri _Hasan  JatengGembira;;;
455,2022-09-12 05:00:41+00:00,ThyngID,Bg _Hasan dan  membuka acara jalan sehat bersama ;;;
456,2022-09-12 05:00:28+00:00,ThyngID,Muhammadiyah mengundang Menteri Perdagangan _Hasan dan Gubernur Jawa Tengah  JatengGembira;;;
457,2022-09-12 04:59:44+00:00,lubis_fauza,75 _waras   Hah ğŸ¤£ğŸ¤£ğŸ¤£;;;
"458,2022-09-12 04:59:34+00:00,SDG_Sumut,""Assalamu'alaikum wr.wb ";;;
Alhamdulillah telah terlaksana kegiatan bantuan usaha kecil dan silaturahmi tokoh santri dukung ganjar korwil sumut  pada hari  minggu 4 september 2022;;;
"santridukungganjar Ganjar Darisantriuntuknegeri SDG_sumut ganjarpranowo """;;;
459,2022-09-12 04:57:02+00:00,SkaiztAbdillah,@616414d441e7457 2 @_ekokuntadhi  Oraahhhh...ğŸ¤®;;;
460,2022-09-12 04:55:08+00:00,tomiden05, _ri Selamat ualng tahun;;;
461,2022-09-12 04:54:55+00:00,tomiden05, _ri Ok;;;
"462,2022-09-12 04:54:11+00:00,Hizir_Reis_,""  89    Proses Politik itu sebelum pembangunan. Ketika di bangun dan sudah jadi, seharusnya itu tidak menjadi masalah lagi, tidak ada lagi milik kubu ini dan itu. Semua berhak menikmati dan wajib menjaga bersama2! Bukan malah ditarik2 lagi ke urusan politik.""";;;
"463,2022-09-12 04:53:28+00:00,BungkusTukang,""@_sekarkinanthi_  Ini lah hidup yg sebenrnya ,harus berkesinambungan""";;;
464,2022-09-12 04:53:22+00:00,ADhanadippa,__  Ganjar politik identitas...;;;
"465,2022-09-12 04:53:16+00:00,dnayza1212,""__  Mereka blm melek medsos, kalau yg didukungnya penyuka video Porno, padahal HARAM hukumnya.";;;
;;;
"Semoga Indonesia dijauhkan dari Azab.""";;;
"466,2022-09-12 04:52:51+00:00,_sekarkinanthi_,""  Mereka jujur, tidak akan menyakiti apa pun yg ada di alam ini.""";;;
"467,2022-09-12 04:51:56+00:00,Dnok_Ayu,""Acaranya Muhammadiyah...";;;
Bintangnya masih pak  pun ğŸ¤©;;;
Rebutan salaman, rebutan foto.. smp ditarik2 gitu...;;;
;;;
Blio dikerubuti ribuan warga  saat melepas jalan sehat pramuktamar di Semarang;;;
"Eh ada yg nyeletuk.. """"Calon presiden Pak"""".. amin amin.. ğŸ™";;;
;;;
"Meriah oiiiğŸ¥³ """;;;
468,2022-09-12 04:51:20+00:00,RikatRiski, pak kok smp dipurworejo masih ada uang sumbangan?;;;
"469,2022-09-12 04:51:09+00:00,wonkyto_gallo,""212_  Gotbener malah sibuk ganti nama...";;;
;;;
"
470,2022-09-12 04:50:55+00:00,RSukijhan, 0-1 ğŸ¤­ğŸ¤­ğŸ¤­ğŸ¤­
471,2022-09-12 04:50:51+00:00,SahabatGuru165,__  Hahahahah...kafir nyamar yang jadi muslim sedang pamer 
472,2022-09-12 04:50:16+00:00,pemudaoposisi,__  Hoax bong
473,2022-09-12 04:49:24+00:00,AtmosferJahanam,__  
474,2022-09-12 04:49:09+00:00,Hildasinaga45,_jendra    87 77   Terima kasih uncle _jendra sudah bantu postingan saya ini. Salam sehat selalu dan berkah  uncle ğŸ™ğŸ™
475,2022-09-12 04:49:08+00:00,sahabatganjarid,Ia ingin agar praktik penerapan sport tourism tidak terhenti begitu saja.";;;
;;;
"SahabatGanjar Ganjar GanjarPranowo""";;;
"476,2022-09-12 04:49:06+00:00,sahabatganjarid,""Peringati Haornas 2022, Ganjar Pranowo memberikan penghargaan kepada lima daerah yang unggul dalam bidang olahraga.";;;
;;;
"Ganjar mengajak agar setiap daerah di Jateng dapat mengembangkan sport tourism yang berkelanjutan. """;;;
"477,2022-09-12 04:49:05+00:00,sahabatganjarid,""Jawa Tengah termasuk kedalam nominasi layanan investssi terbaik 2022.";;;
;;;
Komitmen Ganjar-Yasin merupakan  upaya konkret dalam mengawal investasi di Jateng.;;;
;;;
Ganjar menyampaikan titel juara pada layanan investasi adalah sebuah bonus.;;;
;;;
"SahabatGanjar Ganjar GanjarPranowo """;;;
478,2022-09-12 04:47:54+00:00,AtmosferJahanam,  ;;;
"479,2022-09-12 04:47:51+00:00,abdurrkarrima,""APMISO sejak 2014 sangat dekat dgn Ganjar Pranowo. Walau para petingginya APMISO dpt dana, tapi akar rumputnya tetap ke Ganjar. Mereka selalu memuji apa langkah Ganjar dlm menyikapi situasi nasional.  """;;;
"480,2022-09-12 04:47:34+00:00,Hildasinaga45,""63936538 _jendra    87 77   Di awal saja merasa mahal bg, kalau sudah pakai dan merasakan manfaatnya buat kesehatan kita sehari2 pasti deh bakalan pengen beli lagi produknya buat keluarga dan orang tua..ğŸ™ğŸ™""";;;
"481,2022-09-12 04:47:03+00:00,sahabatganjarid,""Provinsi Jawa Tengah masuk Nominasi 5 besar Layanan Investasi 2022, Apa tanggapan Ganjar? Langsung tonton disini yaa.";;;
;;;
"SahabatGanjar Ganjar GanjarPranowo """;;;
"482,2022-09-12 04:47:02+00:00,sahabatganjarid,""Gubernur Jateng Ganjar Pranowo mengecek Gudang Bulog Jateng, pada kesempatan itu Ganjar mengatakan bahwa stok beras berlimpah.";;;
;;;
"SahabatGanjar Ganjar GanjarPranowo """;;;
"483,2022-09-12 04:44:57+00:00,tokpitut,""1312 .";;;
SOLUSI 2024;;;
RI.1,  1x LAGI;;;
RI.2.  ;;;
;;;
Ut;;;
Revolusi MENTAL;;;
Tegakkn HUKUM;;;
Berantas KORUPSI;;;
Siapkn KADER, GP2029  ;;;
;;;
mk;;;
Cgah Politik Identitas;;;
Cgah Politisasi Agama;;;
Cgah Polarisasi Sosial ;;;
;;;
Yth Legislator ;;;
Dengarkn RAKYAT;;;
Musyawarahlah _RI;;;
;;;
"ğŸ‡®ğŸ‡©ğŸ‘ğŸ‡®ğŸ‡©""";;;
484,2022-09-12 04:44:49+00:00,sahabatganjarid,GanjarPranowo SahabatGanjar Ganjar HariPurnawirawan ABRI;;;
485,2022-09-12 04:44:03+00:00,Ajay51493590,  Harga naik ok gpp.asal belinya juga jangan dipersulit dong.;;;
"486,2022-09-12 04:43:36+00:00,sahabatganjarid,""Ikut mendampingi Ganjar, adalah Bupati Kudus HM Hartopo serta Kapolres Kudus AKBP Wiraga Dimas Tama dan Dandim 0722 Letkol Kav Indarto.";;;
;;;
"SahabatGanjar GanjarPranowo Ganjar """;;;
"487,2022-09-12 04:43:34+00:00,sahabatganjarid,""Gubernur Jawa Tengah Ganjar Pranowo berkunjung ke kediaman keluarga Direksi PT Sukun Wartono Indonesia";;;
;;;
"Di sana, Ganjar bercengkrama dan saling bertukar kabar dengan para Direksi PT Sukun. """;;;
"488,2022-09-12 04:43:14+00:00,sahabatganjarid,""Secara umum masyarakat sudah mulai merasakan dampak dari pembangunan tanggul laut.";;;
;;;
"SahabatGanjar GanjarPranowo Ganjar """;;;
"489,2022-09-12 04:43:12+00:00,sahabatganjarid,""Gubernur Jawa Tengah Ganjar Pranowo meninjau proyek tanggul laut dan drainase di Pekalongan Utara, Kota Pekalongan.";;;
;;;
"Ganjar sempat berdialog dengan warga di sekitar lokasi. """;;;
"490,2022-09-12 04:42:49+00:00,sahabatganjarid,""Hal itulah yang dialami oleh perajin terasi oven asal Kabupaten Batang, Siti Yaenah. Ia mengaku bersyukur. Sebab, banyak manfaat yang didapat usai ikut Lapak Ganjar.";;;
;;;
"SahabatGanjar Ganjar GanjarPranowo """;;;
"491,2022-09-12 04:42:47+00:00,sahabatganjarid,""Senyum merekah terlihat dari salah satu pelaku UMKM yang ikut program Lapak Ganjar.";;;
;;;
"Dari inovasi pemasaran Ganjar Pranowo tersebut, perajin terasi ini mampu mendulang untung, mulai dari peningkatan penjualan, sampai menyediakan lapangan pekerjaan untuk saudaranya. """;;;
"492,2022-09-12 04:42:44+00:00,Mhz_Feraldi,""__  Hancur hati buzzerp Ramses II";;;
"_Asmara1701 ğŸ¤£ğŸ¤£""";;;
"493,2022-09-12 04:42:18+00:00,sahabatganjarid,""Sebab, tebing-tebing di kawasan desa tertinggi di Pulau Jawa itu, menawarkan keindahan alam khas Dieng, dan tantangan bagi para pemanjat tebing.";;;
;;;
"SahabatGanjar Ganjar GanjarPranowo """;;;
"494,2022-09-12 04:42:17+00:00,sahabatganjarid,""Gubernur Jawa Tengah Ganjar Pranowo ingin kawasan tebing Watu Gribig, Desa Jojogan, Kecamatan Kejajar, Kabupaten Wonosobo, dikembangkan menjadi salah satu destinasi wisata khusus sport tourism. """;;;
495,2022-09-12 04:41:19+00:00,FaizzColdplay,13 45v _Mar3M 7  waktunya ngelem drun... ;;;
"496,2022-09-12 04:40:54+00:00,PopyWhisy_,""  Emng pak Ganjar terbaikkkğŸ˜­ğŸ«¶ğŸ»";;;
;;;
"GanjaranApps""";;;
497,2022-09-12 04:40:44+00:00,kesittt,   Aku juga mau gabung aah;;;
498,2022-09-12 04:40:36+00:00,HenryII63936538,45 _jendra    87 77   Tapi mahal nih hrg nya...;;;
499,2022-09-12 04:40:15+00:00,FaizzColdplay,13 200777 _Mar3M 7  porn fugitive lewat dulu.... ;;;
